username,platform,url,complaint_summary,pitch,status,date_written
goatherders,hackernews,https://news.ycombinator.com/item?id=18948972,1-2 clients per 100 cold emails — calling it a slog,"Hey goatherders — saw your comment about pulling 1-2 clients from every 100 cold emails. That math is brutal when you're the one sending them all manually. AXON is an AI outreach tool that personalises at scale and typically 3-5x that conversion rate. We're launching in 2 weeks with 20 founding member spots at 40% off forever. What's your current send volume?",pending,2026-03-12
iamqhsin,hackernews,https://news.ycombinator.com/item?id=44363452,Struggled with cold email so much they built their own tool,"Hey iamqhsin — the fact that you built your own lead tool after cold email failed tells me everything about how bad the pain was. AXON is tackling the same problem but at infrastructure scale — verified leads AI-written emails and smart follow-ups in one place. Launching in 2 weeks with 20 founding spots at 40% off. Would love your take as someone who's been deep in this problem — what was the biggest gap you couldn't solve?",pending,2026-03-12
tptacek,hackernews,https://news.ycombinator.com/item?id=41712496,Cold-calling and direct email both tried and failed,"Hey tptacek — your comment about cold-calling and email both not working resonated. The issue usually isn't the channel — it's that most tools optimise for volume over relevance so everything feels like spam. AXON uses AI to write emails that reference something real about each prospect. Launching in 2 weeks with 20 founding spots at 40% off. What vertical were you trying to break into?",pending,2026-03-12
georgespencer,hackernews,https://news.ycombinator.com/item?id=22753136,Cold outreach low conversion and increasingly high maintenance,"Hey georgespencer — you nailed it: cold outreach is the longest of long tails. The problem is that most tools make you do all the work (list building copywriting follow-up management) and still deliver 1% conversion. AXON automates all of that and keeps quality high. Launching in 2 weeks with 20 founding spots at 40% off. Curious what you moved to instead of outreach?",pending,2026-03-12
arandr0x,hackernews,https://news.ycombinator.com/item?id=35023951,Cold email working at 1/100 rate vs warm intros,"Hey arandr0x — your point about cold email converting at 1/100 the rate of warm intros is exactly the problem AXON is built to close. The gap is personalisation — cold emails that feel warm because they reference real context about the prospect. Launching in 2 weeks with 20 founding spots at 40% off. Are you still doing any cold outreach or have you written it off entirely?",pending,2026-03-12
jameslk,hackernews,https://news.ycombinator.com/item?id=46403619,Cold and outbound sales dying — every tool just automates spam,"Hey jameslk — you're right that outbound is dying in its current form. Spray-and-pray is dead. But targeted outreach to the right people with a message that actually references their situation still works — that's what AXON does. Launching in 2 weeks with 20 founding spots at 40% off. What does your current pipeline look like?",pending,2026-03-12
preston-kwei,hackernews,https://news.ycombinator.com/item?id=46864047,Cold email LinkedIn InMail careful targeting all dead ends,"Hey preston-kwei — saw your post about trying cold email LinkedIn InMail careful targeting decent copy and hitting a dead end every time. That's not a you problem — it's a tooling problem. AXON handles verified lead finding personalised copy and follow-ups in one place. Launching in 2 weeks with 20 founding spots at 40% off. What product are you trying to grow?",pending,2026-03-12
Jeetu456,hackernews,https://news.ycombinator.com/item?id=46864047,Went through same outreach funnel and got no response,"Hey Jeetu456 — your reply about going through the same funnel and getting zero responses hit home. The funnel isn't broken — the personalisation is. AXON writes emails that actually reference what the prospect is dealing with which changes the reply dynamic entirely. Launching in 2 weeks with 20 founding spots at 40% off. What stage is your product at?",pending,2026-03-12
centilco,hackernews,https://news.ycombinator.com/item?id=43704846,SaaS API built but very few conversions and traffic way below hopes,"Hey centilco — saw your Ask HN about struggling with traction on your API despite all the marketing effort. The distribution problem is real and underrated. AXON specifically helps with the outbound side — finding the right B2B buyers and reaching them with personalised messages. Launching in 2 weeks with 20 founding spots at 40% off. What's the ICP for your API?",pending,2026-03-12
mtlynch,hackernews,https://news.ycombinator.com/item?id=43704846,Spent months building SaaS without a distribution plan,"Hey mtlynch — your comment about building an API then realising you had no distribution plan is painfully common for technical founders. AXON is basically the distribution layer you didn't build — finds leads writes outreach sends follow-ups. Launching in 2 weeks with 20 founding spots at 40% off. Are you back to working on something new?",pending,2026-03-12
kastion,hackernews,https://news.ycombinator.com/item?id=43704846,Couldn't crack customer acquisition and went back to 9-5,"Hey kastion — your comment about going back to 9-5 after the SaaS didn't pan out — that's a real one. Most solo SaaS attempts die on distribution not product. If you're ever building again AXON handles the customer acquisition side: verified leads personalised outreach automated follow-ups. Launching in 2 weeks with 20 founding spots at 40% off. What were you building?",pending,2026-03-12
hkyeti,hackernews,https://news.ycombinator.com/item?id=8346603,SaaS struggling to get the word out with no marketing budget,"Hey hkyeti — your post about struggling to get the word out and realising build-it-and-they-come doesn't work is something so many founders go through. Cold outreach done right is actually one of the most budget-efficient channels when you're early. AXON makes it work without a big team or spend. Launching in 2 weeks with 20 founding spots at 40% off. Is polljoy still active?",pending,2026-03-12
jetprop,hackernews,https://news.ycombinator.com/item?id=44392494,Asking how to find and sell to B2B customers — no clear path,"Hey jetprop — your Ask HN about finding and selling to B2B customers is exactly the problem AXON solves. It finds verified leads in your ICP writes personalised emails and handles the follow-up cadence. You don't need a sales team to do B2B outbound properly anymore. Launching in 2 weeks with 20 founding spots at 40% off. What's the product you're selling?",pending,2026-03-12
DinakarS,hackernews,https://news.ycombinator.com/item?id=39842321,AI SaaS with no audience and $500 marketing budget,"Hey DinakarS — saw your Ask HN about succeeding with an AI SaaS with no audience and $500 budget. Cold outreach is actually the best channel when budget is tight because you can be surgical about who you target. AXON makes that feasible without a big list or ad spend. Launching in 2 weeks with 20 founding spots at 40% off. What's your SaaS in?",pending,2026-03-12
eof,hackernews,https://news.ycombinator.com/item?id=4018752,Has one client but struggling to find more and scale beyond it,"Hey eof — your Ask HN about having found your first client then building the product and now needing more — that's the classic founder distribution gap. Going from 1 to 10 clients usually needs a repeatable outbound motion. AXON builds that for you. Launching in 2 weeks with 20 founding spots at 40% off. What space is the product in?",pending,2026-03-12
macoughl,hackernews,https://news.ycombinator.com/item?id=11925715,Young SaaS app stalled and explicitly seeking marketing mentorship,"Hey macoughl — your Ask HN about trading tech mentorship for marketing help shows the pain is real: great product no growth engine. AXON is basically an outbound growth engine — finds qualified leads writes personalised pitches and follows up automatically. Launching in 2 weeks with 20 founding spots at 40% off. What's the SaaS?",pending,2026-03-12
taytus,hackernews,https://news.ycombinator.com/item?id=19966161,Sending cold emails with no response even after follow-ups,"Hey taytus — saw your comment about sending cold emails with no response even after a follow-up 2 weeks later. Silence after a solid sequence is usually a targeting or personalisation problem not a channel problem. AXON diagnoses both. Launching in 2 weeks with 20 founding spots at 40% off. What were you selling?",pending,2026-03-12
soundlab,hackernews,https://news.ycombinator.com/item?id=6663469,Cold calling not effective for small teams — looking for better outreach,"Hey soundlab — you're right that cold calling doesn't scale for small teams. Cold email does — when it's targeted and personalised properly. That's the gap AXON closes: AI-generated emails that reference real context about each prospect so reply rates are actually worth the effort. Launching in 2 weeks with 20 founding spots at 40% off. What does your current pipeline look like?",pending,2026-03-12
bernardohcr,hackernews,https://news.ycombinator.com/item?id=44112528,Manually rewriting emails to avoid spam filters — deliverability nightmare,"Hey bernardohcr — manually stripping spam trigger keywords from every email is exactly the kind of thing that should be automated. AXON handles deliverability infrastructure and AI-writes emails that are naturally spam-filter-safe. Launching in 2 weeks with 20 founding spots at 40% off. How many emails a month are you sending?",pending,2026-03-12
solarisos,hackernews,https://news.ycombinator.com/item?id=47076407,AI making personalised cold email a deliverability trap — B2B data problem,"Hey solarisos — your point about AI making hand-crafted email cheap to fake is sharp. The answer is verified data + signals-based personalisation not just GPT-written intros. That's AXON's approach. Launching in 2 weeks with 20 founding spots at 40% off. Are you on the sending side or the receiving side of this problem?",pending,2026-03-12
RogerL,hackernews,https://news.ycombinator.com/item?id=44445801,SaaS with no demand AND getting buried in unsolicited sales pitches,"Hey RogerL — your Ask HN about why your SaaS has no demand despite the effort resonated. Getting outbound right when you're also drowning in bad outbound yourself is a real tension. AXON's approach is the opposite of inbox spam — it finds the exact right 50 people and sends something worth reading. Launching in 2 weeks with 20 founding spots at 40% off. What's the SaaS?",pending,2026-03-12
gnicholas,hackernews,https://news.ycombinator.com/item?id=40026691,Hates cold email so much they'd rather miss deals than send it,"Hey gnicholas — your comment about preferring to miss opportunities rather than contribute to cold email spam is genuinely fair. Most cold email IS spam. AXON is built for the opposite: tight lists personalised messages that reference real context. The kind of outreach you'd actually want to receive. Launching in 2 weeks with 20 founding spots at 40% off. What do you sell?",pending,2026-03-12
cosmodisk,hackernews,https://news.ycombinator.com/item?id=27525819,Frustrated by automated LinkedIn/email cadences that feel generic and robotic,"Hey cosmodisk — you're exactly right that automated mass cadences kill deals. AXON isn't a cadence blaster — it's the opposite. It researches each prospect and writes something that references their actual situation. The difference between spam and a message worth reading. Launching in 2 weeks with 20 founding spots at 40% off. What's your current sales channel?",pending,2026-03-12
dstick,hackernews,https://news.ycombinator.com/item?id=27525819,Sales equals genuine connections — frustrated by automated outreach ruining it,"Hey dstick — love your take that sales = genuine connections. AXON agrees — it uses AI to research each prospect and write something genuinely relevant rather than blasting a cadence. The goal is to make cold outreach feel like a warm intro. Launching in 2 weeks with 20 founding spots at 40% off. What do you sell and how are you doing outreach now?",pending,2026-03-12
"cosmicsky","reddit","https://www.reddit.com/r/coldemail","Cold Email, one of the most effective and scalable methods of B2B outreach. This is a community of entrepreneurs, sales professionals, and marketers sharing tips, templates, and success stories to help you craft cold emails that get results.      [li","Hey cosmicsky — saw your post about Cold Email. Cold email reply rates have cratered industry-wide — the problem is usually personalisation at scale. AXON is an AI outreach tool that researches each prospect and writes emails that actually reference their situation — typically 3-5x higher reply rates. Launching in 2 weeks with 20 founding spots at 40% off forever. What's your current send volume?","pending","2026-03-14"
"Honeysyed","reddit","https://www.reddit.com/r/ColdEmailMasters","We will curate and discuss cold email outreach strategies      [link]","Hey Honeysyed — saw your post about ColdEmailMasters. Cold email reply rates have cratered industry-wide — the problem is usually personalisation at scale. AXON is an AI outreach tool that researches each prospect and writes emails that actually reference their situation — typically 3-5x higher reply rates. Launching in 2 weeks with 20 founding spots at 40% off forever. What's your current send volume?","pending","2026-03-14"
"RKEXP1","reddit","https://www.reddit.com/r/Coldemailing","Welcome to r/ColdEmailing - a space for cold emailers, marketers, and founders to share tips, tools, templates, and wins. Whether you're new or scaling, you'll find advice, feedback, and community here. Join the convo.      [link]","Hey RKEXP1 — saw your post about Cold Emailing. Cold email reply rates have cratered industry-wide — the problem is usually personalisation at scale. AXON is an AI outreach tool that researches each prospect and writes emails that actually reference their situation — typically 3-5x higher reply rates. Launching in 2 weeks with 20 founding spots at 40% off forever. What's your current send volume?","pending","2026-03-14"
"Touristinternation","reddit","https://www.reddit.com/r/ColdEmailMasters/comments/1rsw5zp/we_are_hiring_email_marketing_executive_cold","Experience Required:  6 Months – 1 Year   Job Type:  Full-Time / Part-Time / Remote   Industry:  Digital Marketing   About the Role   We are looking for a motivated  Email Marketing Executive  who has experience in  cold email outreach and lead gener","Hey Touristinternation — saw your post about We Are Hiring: Email Marketing Executive (Cold Emailing). Cold email reply rates have cratered industry-wide — the problem is usually personalisation at scale. AXON is an AI outreach tool that researches each prospect and writes emails that actually reference their situation — typically 3-5x higher reply rates. Launching in 2 weeks with 20 founding spots at 40% off forever. What's your current send volume?","pending","2026-03-14"
"Patient_Tax4840","reddit","https://www.reddit.com/r/NextGenEmailMarketing/comments/1rsw0lh/cold_email_is_dying_because_most_people_design_it","Cold email doesn’t fail because of deliverability.   It fails because people design terrible emails.   Most outreach today looks like this:   • Big HTML templates   • 5 links   • “Schedule a demo” buttons   • Fake personalization   • 200-word sales p","Hey Patient_Tax4840 — saw your post about Cold Email is Dying — Because Most People Design It Wrong. Cold email reply rates have cratered industry-wide — the problem is usually personalisation at scale. AXON is an AI outreach tool that researches each prospect and writes emails that actually reference their situation — typically 3-5x higher reply rates. Launching in 2 weeks with 20 founding spots at 40% off forever. What's your current send volume?","pending","2026-03-14"
"Sea_Lengthiness_4627","reddit","https://www.reddit.com/r/SaaS/comments/1rsw09k/i_got_tired_of_manual_lead_generation_so_i_built","Manual outbound takes forever.   Finding leads, sending emails, follow-ups, replying, booking calls.   So I built an AI SDR system to automate it.   What it currently does:   • finds companies and decision makers • enriches emails • runs cold outreac","Hey Sea_Lengthiness_4627 — noticed your post about I got tired of manual lead generation so I built an AI SDR t. Lead gen being this hard usually means the top-of-funnel is broken — wrong list, generic message, or both. AXON fixes both: it finds verified leads in your ICP and writes personalised outreach for each one. Launching in 2 weeks, 40% off for 20 founding members. What does your ICP look like?","pending","2026-03-14"
"Pretend-Analysis-777","reddit","https://www.reddit.com/r/LandscapeArchitecture/comments/1rsvwji/masters_or_job","I’m in a pretty weird school/transition situation needing some advice.   I am in my final year of a BLA program and already taking classes for an accelerated MLA program that will only be one more year after I graduate. I am mainly doing the MLA beca","Hey Pretend-Analysis-777 — saw your post about Masters or Job?. This is a problem AXON is built to solve: AI outreach that finds the right leads and sends personalised messages that actually get replies. Launching in 2 weeks with 40% off for 20 founding members. What does your current customer acquisition look like?","pending","2026-03-14"
"Flying_Tomate","reddit","https://www.reddit.com/r/VirtualAssistant/comments/1rsvjyr/for_hire_virtual_assistant_with_lead_gen","Hello! 👋    I have extensive experience in  lead generation , using data scrapers to find verified emails and send targeted cold outreach campaigns. I’ve also handled various  recruiting and HR tasks , including researching job descriptions, creating","Hey Flying_Tomate — noticed your post about [For hire] Virtual Assistant with Lead Gen, Recruitment, HR,. Lead gen being this hard usually means the top-of-funnel is broken — wrong list, generic message, or both. AXON fixes both: it finds verified leads in your ICP and writes personalised outreach for each one. Launching in 2 weeks, 40% off for 20 founding members. What does your ICP look like?","pending","2026-03-14"
"Icy-Emu-8937","reddit","https://www.reddit.com/r/learnASL/comments/1rsvi96/how_to_use_email_extractor_for_your_cold_email","&#32; submitted by &#32;   /u/Icy-Emu-8937   &#32; to &#32;   r/learnASL       [link]   &#32;   [comments]","Hey Icy-Emu-8937 — saw your post about How to Use Email Extractor for Your Cold Email Outreach 😎. Cold email reply rates have cratered industry-wide — the problem is usually personalisation at scale. AXON is an AI outreach tool that researches each prospect and writes emails that actually reference their situation — typically 3-5x higher reply rates. Launching in 2 weeks with 20 founding spots at 40% off forever. What's your current send volume?","pending","2026-03-14"
"MargoHuxley","reddit","https://www.reddit.com/r/Assistance/comments/1rsvepj/request_for_help_with_power_being_turned_back_on","Hello everyone and thank you for taking the time to read my post.    My partner and myself are needing help getting our power turned back on. We both lost our job and our only vehicle recently and things have been awful. I haven’t received any emails","Hey MargoHuxley — saw your post about Request for help with power being turned back on $300. This is a problem AXON is built to solve: AI outreach that finds the right leads and sends personalised messages that actually get replies. Launching in 2 weeks with 40% off for 20 founding members. What does your current customer acquisition look like?","pending","2026-03-14"
"inglubridge","reddit","https://www.reddit.com/r/microsaas/comments/1rsuuf9/struggling_with_marketing","I love building stuff. SaaS, digital products, tools, whatever. Give me a problem and I'll build something to solve it. That part comes naturally to me.   Marketing though? I'm completely lost.   Two weeks ago I launched  Soperate , an AI tool that t","Hey inglubridge — read your post about Struggling with marketing. Distribution is the hardest part of early SaaS — most builders are great at product and terrible at outbound. AXON handles the outbound side: verified leads, AI-personalised emails, automated follow-ups. Launching in 2 weeks with 20 founding spots at 40% off. Have you tried cold outreach yet or been focused on inbound?","pending","2026-03-14"
"Wonderful_Station159","reddit","https://www.reddit.com/r/NovelWave/comments/1rsuo6w/just_finished_when_love_goes_silent_novel","I clutched my pregnancy test results in my hand, standing outside the door of Ethan's office. I wanted to surprise my husband with this news. Instead, I overheard a conversation about how to &quot;permanently remove&quot; me from his and our daughter","Hey Wonderful_Station159 — saw your post about Just finished ""When Love Goes Silent"" Novel. This is a problem AXON is built to solve: AI outreach that finds the right leads and sends personalised messages that actually get replies. Launching in 2 weeks with 40% off for 20 founding members. What does your current customer acquisition look like?","pending","2026-03-14"
"Rare_Professional287","reddit","https://www.reddit.com/r/microsaas/comments/1rsu7va/300_users_in_2_weeks_no_ads_heres_what_actually","Hey, I'm Farhan. Designer for 6+ years. I got mass tired of opening 15 tabs every time I needed design inspiration. So I built a search engine that finds real designs from real products across the internet. All in one place.   Launched it 2 weeks ago","Hey Rare_Professional287 — saw your post about 300 users in 2 weeks. No ads. Here's what actually worked. This is a problem AXON is built to solve: AI outreach that finds the right leads and sends personalised messages that actually get replies. Launching in 2 weeks with 40% off for 20 founding members. What does your current customer acquisition look like?","pending","2026-03-14"
"luisleonr92","reddit","https://www.reddit.com/r/u_luisleonr92/comments/1rsu0kq/how_to_use_email_extractor_for_your_cold_email","&#32; submitted by &#32;   /u/luisleonr92   &#32; to &#32;   u/luisleonr92       [link]   &#32;   [comments]","Hey luisleonr92 — saw your post about How to Use Email Extractor for Your Cold Email Outreach 😎. Cold email reply rates have cratered industry-wide — the problem is usually personalisation at scale. AXON is an AI outreach tool that researches each prospect and writes emails that actually reference their situation — typically 3-5x higher reply rates. Launching in 2 weeks with 20 founding spots at 40% off forever. What's your current send volume?","pending","2026-03-14"
"plausible-deniabilty","reddit","https://www.reddit.com/r/smallbusiness/comments/1rstlq3/how_to_approach_other_small_service_business","I bought a business in 2022, it was where I spent the majority of my now 20yr career, owner was retiring, I took it over, he's on an earn out(15 months left!) and things are good. We are a b2b service business, while I have been decently successful i","Hey plausible-deniabilty — saw your post about How to approach other small service business owners who you . This is a problem AXON is built to solve: AI outreach that finds the right leads and sends personalised messages that actually get replies. Launching in 2 weeks with 40% off for 20 founding members. What does your current customer acquisition look like?","pending","2026-03-14"
"MoistComparison9278","reddit","https://www.reddit.com/r/coldemail/comments/1rstjzm/looking_for_cold_outreach_agency_for_our_email","We’re looking for a  performance-based agency . We understand that we’ll need to pay around $600 for the infrastructure, but the rest of the cost should be tied to qualified calls.     &#32; submitted by &#32;   /u/MoistComparison9278   &#32; to &#32","Hey MoistComparison9278 — saw your post about Looking for cold outreach agency for our email marketing age. This is a problem AXON is built to solve: AI outreach that finds the right leads and sends personalised messages that actually get replies. Launching in 2 weeks with 40% off for 20 founding members. What does your current customer acquisition look like?","pending","2026-03-14"
"logical_guineapig","reddit","https://www.reddit.com/r/cirquedusoleil/comments/1rstdnm/who_should_i_contact","Hello!   My name is Alora and I desperately want to work on tour for CIrque du Soleil. I will do anything. I will sweep the floor, I will do the dishes, I will do laundry. Basically, I am trying to get in contact with somebody who could offer me a bo","Hey logical_guineapig — saw your post about Who should I contact?. This is a problem AXON is built to solve: AI outreach that finds the right leads and sends personalised messages that actually get replies. Launching in 2 weeks with 40% off for 20 founding members. What does your current customer acquisition look like?","pending","2026-03-14"
"v-abakumov","reddit","https://www.reddit.com/r/b2b_sales/comments/1rst825/question_to_b2b_sales_guru","I'm 12 years into engineering, but in b2b sales I'm a complete junior.   This week I sent 87 personalized cold emails (about my services). The workflow: 2h/day from research to hit &quot;send&quot; (using some local AI to keep me sane).    Brutal sta","Hey v-abakumov — saw your post about Question to b2b sales guru. Cold email reply rates have cratered industry-wide — the problem is usually personalisation at scale. AXON is an AI outreach tool that researches each prospect and writes emails that actually reference their situation — typically 3-5x higher reply rates. Launching in 2 weeks with 20 founding spots at 40% off forever. What's your current send volume?","pending","2026-03-14"
"akmessi2810","reddit","https://www.reddit.com/r/AiForSmallBusiness/comments/1rst6r1/shipped_an_ai_terminal_agent_that_manages_my","Quick share for founders who are also builders.   I was spending 2+ hours a day in Gmail: triaging leads, figuring out who I owed a reply, drafting follow-ups that actually referenced what we talked about last week.   I tried every CRM. None of them ","Hey akmessi2810 — saw your post about Shipped: an AI terminal agent that manages my inbox, leads, . Deliverability is a silent killer for cold email — most senders don't know their emails are going straight to spam. AXON handles domain warmup, sending infrastructure, and spam-safe copy generation so you actually land in inboxes. Launching in 2 weeks with 20 founding spots at 40% off. How many domains are you currently sending from?","pending","2026-03-14"
"Strong-Abrocoma-7609","reddit","https://www.reddit.com/r/selfhelp/comments/1rst4in/i_feel_so_lost","I honestly just feel so lost right now. I’m doing tech sales for an incredible company post grad with great benefits and coworkers but im just getting more depressed everyday.   I’m 24 with this being one of my first full time jobs and im just like o","Hey Strong-Abrocoma-7609 — saw your post about I feel so lost. This is a problem AXON is built to solve: AI outreach that finds the right leads and sends personalised messages that actually get replies. Launching in 2 weeks with 40% off for 20 founding members. What does your current customer acquisition look like?","pending","2026-03-14"
"akmessi2810","reddit","https://www.reddit.com/r/founder/comments/1rst3ac/shipped_an_ai_terminal_agent_that_manages_my","Quick share for founders who are also builders.   I was spending 2+ hours a day in Gmail: triaging leads, figuring out who I owed a reply, drafting follow-ups that actually referenced what we talked about last week.   I tried every CRM. None of them ","Hey akmessi2810 — saw your post about Shipped: an AI terminal agent that manages my inbox, leads, . Deliverability is a silent killer for cold email — most senders don't know their emails are going straight to spam. AXON handles domain warmup, sending infrastructure, and spam-safe copy generation so you actually land in inboxes. Launching in 2 weeks with 20 founding spots at 40% off. How many domains are you currently sending from?","pending","2026-03-14"
"kaysersoze76","reddit","https://www.reddit.com/r/bizhackers/comments/1rst2hc/if_your_ai_sales_prompts_are_vague_your_pipeline","Most “AI for sales” prompts sound like this:  “Write a cold email for this ICP” .  The result? Generic copy, weak relevance, and prospects who can smell the template from a mile away.​   High‑performing reps do something different: they bake in conte","Hey kaysersoze76 — saw your post about If your AI sales prompts are vague, your pipeline will be to. Cold email reply rates have cratered industry-wide — the problem is usually personalisation at scale. AXON is an AI outreach tool that researches each prospect and writes emails that actually reference their situation — typically 3-5x higher reply rates. Launching in 2 weeks with 20 founding spots at 40% off forever. What's your current send volume?","pending","2026-03-14"
"bnt623","reddit","https://www.reddit.com/r/AvoidantBreakUps/comments/1rsslja/can_you_please_help_me_understand_the_blocking","Hi, I am desperately hoping I can get some advice from avoidant folks or just those who have a better understanding of them than I do. I will keep this short in hopes that people read it and respond, but can provide more specifics if that is necessar","Hey bnt623 — saw your post about Can you please help me understand the blocking?. This is a problem AXON is built to solve: AI outreach that finds the right leads and sends personalised messages that actually get replies. Launching in 2 weeks with 40% off for 20 founding members. What does your current customer acquisition look like?","pending","2026-03-14"
"Different_Low6808","reddit","https://www.reddit.com/r/coldemail/comments/1rssjrt/outbound_salespeople_do_you_track_if_your_emails","I send a lot of cold outreach emails, and I have no idea if the person saw my email or if it just went into their spam.   If you do track opens, what tool are you using and what do you like or dislike about it?   If you don’t track opens, is it becau","Hey Different_Low6808 — saw your post about Outbound Salespeople: Do you track if your emails get opened. Deliverability is a silent killer for cold email — most senders don't know their emails are going straight to spam. AXON handles domain warmup, sending infrastructure, and spam-safe copy generation so you actually land in inboxes. Launching in 2 weeks with 20 founding spots at 40% off. How many domains are you currently sending from?","pending","2026-03-14"
"LexiAOK","reddit","https://www.reddit.com/r/tapif/comments/1rssfgt/last_min_académies_payment","Bonjour à tous, I wanted to ask before I hit this submit button later today what y’all think about my académie choices sized up against my preferences. I’ve been trying to research as much as I can but it’s kind of overwhelming.   I did postcolonial ","Hey LexiAOK — saw your post about Last Min Académies + Payment?. This is a problem AXON is built to solve: AI outreach that finds the right leads and sends personalised messages that actually get replies. Launching in 2 weeks with 40% off for 20 founding members. What does your current customer acquisition look like?","pending","2026-03-14"
"Prestigious-Eye-4409","reddit","https://www.reddit.com/r/smallbusiness/comments/1rssc9w/tips_for_someone_new_to_outside_sales","Hi everyone,   I recently started working in outside sales in the stone/countertop industry and I’m realizing that this is a completely different world than what I’m used to. Most of the job relies on building relationships with builders, contractors","Hey Prestigious-Eye-4409 — saw your post about Tips for someone new to outside sales. This is a problem AXON is built to solve: AI outreach that finds the right leads and sends personalised messages that actually get replies. Launching in 2 weeks with 40% off for 20 founding members. What does your current customer acquisition look like?","pending","2026-03-14"
"SocietyTrick228","reddit","https://www.reddit.com/r/Freelancers/comments/1rss917/is_it_just_me_or_does_it_feel_like_everyone_is_a","Genuine question and maybe a little rant.   I've been doing outreach for months. Cold email, Reddit posts, LinkedIn. And the more I look around the more I notice the same thing everywhere — almost everyone I reach is also a freelancer, also building ","Hey SocietyTrick228 — saw your post about Is it just me or does it feel like everyone is a freelancer . Cold email reply rates have cratered industry-wide — the problem is usually personalisation at scale. AXON is an AI outreach tool that researches each prospect and writes emails that actually reference their situation — typically 3-5x higher reply rates. Launching in 2 weeks with 20 founding spots at 40% off forever. What's your current send volume?","pending","2026-03-14"
"Wise-Reflection-3701","reddit","https://www.reddit.com/r/SaaS/comments/1rss3y3/how_did_you_get_your_first_1020_beta_testers","Hey everyone, i'm at the stage where I want to find my first 10-20 beta testers to co-build a product with before any official launch. The goal is a tight feedback loop probably through a private WhatsApp or Discord group where early users directly s","Hey Wise-Reflection-3701 — saw your post about How did you get your first 10-20 beta testers?. This is a problem AXON is built to solve: AI outreach that finds the right leads and sends personalised messages that actually get replies. Launching in 2 weeks with 40% off for 20 founding members. What does your current customer acquisition look like?","pending","2026-03-14"
"aJOKAstory","reddit","https://www.reddit.com/r/Screenwriting/comments/1rss1jk/quick_feedback_on_tv_pitch_pages_before_i_start","Hi everyone,   I’m preparing to start cold querying literary managers for a psychological thriller TV pilot and wanted to make sure my pitch pages are as clear and concise as possible before I begin sending emails.   The document is only about three ","Hey aJOKAstory — saw your post about Quick feedback on TV pitch pages before I start querying man. This is a problem AXON is built to solve: AI outreach that finds the right leads and sends personalised messages that actually get replies. Launching in 2 weeks with 40% off for 20 founding members. What does your current customer acquisition look like?","pending","2026-03-14"
"No_Pension7000","reddit","https://www.reddit.com/r/advancedentrepreneur/comments/1rss0yn/best_lead_gen_stack_for_2026","I am looking to scale my outreach, but the game feels like it has changed so much lately. Standard cold emailing feels like it’s hitting more spam filters than ever, and LinkedIn is becoming a crowded space.   I wanted to ask the experts here: what i","Hey No_Pension7000 — saw your post about Best Lead Gen stack for 2026?. Cold email reply rates have cratered industry-wide — the problem is usually personalisation at scale. AXON is an AI outreach tool that researches each prospect and writes emails that actually reference their situation — typically 3-5x higher reply rates. Launching in 2 weeks with 20 founding spots at 40% off forever. What's your current send volume?","pending","2026-03-14"
"Southern_Bonus_3265","reddit","https://www.reddit.com/r/biotech/comments/1rsrol0/struggling_to_get_summer_internships","Hi everyone, basically what the title says. I applied to many large pharma firms and only got one interview at AZ, where I didn’t move forward. Now I’m cold emailing and applying to a bunch of biotech startups, pharma companies, and med com companies","Hey Southern_Bonus_3265 — saw your post about Struggling to get summer internships. Cold email reply rates have cratered industry-wide — the problem is usually personalisation at scale. AXON is an AI outreach tool that researches each prospect and writes emails that actually reference their situation — typically 3-5x higher reply rates. Launching in 2 weeks with 20 founding spots at 40% off forever. What's your current send volume?","pending","2026-03-14"
"zestyasfwowowo","reddit","https://www.reddit.com/r/Solopreneur/comments/1rsrm8a/trouble_finding_clients","So as a solo founder myself I recently launched an agency that specializes in working with soloprenuer especially in the field of tech. We provide service the plug n use development team and support team in fraction of the cost of what you actually h","Hey zestyasfwowowo — saw your post about Trouble finding clients. This is a problem AXON is built to solve: AI outreach that finds the right leads and sends personalised messages that actually get replies. Launching in 2 weeks with 40% off for 20 founding members. What does your current customer acquisition look like?","pending","2026-03-14"
"Beneficial_Success71","reddit","https://www.reddit.com/r/acting/comments/1rsrbfd/venting_about_a_recent_self_tape","Recently I was sent an invite to submit a self tape. I sent a cold email to a theatre months ago, and they originally told me they didn't want to use any submissions for this production - then they later emailed me that they would love for me to subm","Hey Beneficial_Success71 — saw your post about Venting about a recent self tape :'). Cold email reply rates have cratered industry-wide — the problem is usually personalisation at scale. AXON is an AI outreach tool that researches each prospect and writes emails that actually reference their situation — typically 3-5x higher reply rates. Launching in 2 weeks with 20 founding spots at 40% off forever. What's your current send volume?","pending","2026-03-14"
"consultor_seo","reddit","https://www.reddit.com/r/LightAPILLM/comments/1rsr4f9/stop_trying_to_use_karpathys_autoresearch_for","Andrej Karpathys autoresearch repo recently blew up, gaining a massive amount of GitHub stars in record time. But after seeing the discourse on Twitter and YouTube, it’s clear there is a huge misunderstanding about what this tool actually is and wher","Hey consultor_seo — saw your post about stop trying to use Karpathys ""autoresearch"" for everything ,. This is a problem AXON is built to solve: AI outreach that finds the right leads and sends personalised messages that actually get replies. Launching in 2 weeks with 40% off for 20 founding members. What does your current customer acquisition look like?","pending","2026-03-14"
"MidnightCaseNotes","reddit","https://www.reddit.com/r/u_MidnightCaseNotes/comments/1rsr49a/someone_or_something_has_been_watching_me","Years of working in psychology train you to look for explanations.   People behave in patterns. Reactions have causes. Even the strangest encounters usually have an underlying reason once you examine them closely enough.   That was what I believed, u","Hey MidnightCaseNotes — saw your post about Someone, or something, has been watching me. This is a problem AXON is built to solve: AI outreach that finds the right leads and sends personalised messages that actually get replies. Launching in 2 weeks with 40% off for 20 founding members. What does your current customer acquisition look like?","pending","2026-03-14"
"Poisoned_Apple000","reddit","https://www.reddit.com/r/CharteredAccountants/comments/1rsqpim/how_does_cold_emailing_work","I'm emailing my cv/resume for articleship to the email ids I've collected through linkedIn &amp; other sources. I've structured the subject line&amp; sending personalized emails to every firm. I've received some reverts from mid-sized firms   my ques","Hey Poisoned_Apple000 — saw your post about How does Cold Emailing work?. Cold email reply rates have cratered industry-wide — the problem is usually personalisation at scale. AXON is an AI outreach tool that researches each prospect and writes emails that actually reference their situation — typically 3-5x higher reply rates. Launching in 2 weeks with 20 founding spots at 40% off forever. What's your current send volume?","pending","2026-03-14"
"Foresium","reddit","https://www.reddit.com/r/cofounderhunt/comments/1rsqcfa/hiringequity_i_am_the_business_growth_half_for","You’re a dev. You want to build cool shit. You don’t want to spend 4 hours a day on cold LinkedIn outreach, setting up Stripe, writing landing page copy, or arguing with Meta Ads Manager. That is where I come in. I’m 21, I’m obsessed with the &quot;G","Hey Foresium — saw your post about [Hiring/Equity] I am the ""Business & Growth"" half for your t. This is a problem AXON is built to solve: AI outreach that finds the right leads and sends personalised messages that actually get replies. Launching in 2 weeks with 40% off for 20 founding members. What does your current customer acquisition look like?","pending","2026-03-14"
"Remarkable_Junket185","reddit","https://www.reddit.com/r/wifimoolah/comments/1rspxan/every_week_i_research_a_different_way_to_make","I run a free weekly newsletter where I break down one online income/side hustle idea per issue, real examples, real numbers, honest downsides. No “make $10K in your sleep” nonsense, no get paid peanuts for long-ass surveys shit.   After researching f","Hey Remarkable_Junket185 — saw your post about Every week I research a different way to make money online. . This is a problem AXON is built to solve: AI outreach that finds the right leads and sends personalised messages that actually get replies. Launching in 2 weeks with 40% off for 20 founding members. What does your current customer acquisition look like?","pending","2026-03-14"
"Reasonable_Watch5961","reddit","https://www.reddit.com/r/ColdEmailMasters/comments/1rspvpk/the_loom_video_pitch_is_the_greatest_cold_email","Here's the 3-step process you can follow to leverage this video strategy in your cold emails:     Pitching the video in your CTA      Unless you have 8 hours a day to dedicate to this strategy,    Recording a personalized Loom for every prospect in y","Hey Reasonable_Watch5961 — saw your post about The Loom Video Pitch is the Greatest Cold Email Strategy of . Cold email reply rates have cratered industry-wide — the problem is usually personalisation at scale. AXON is an AI outreach tool that researches each prospect and writes emails that actually reference their situation — typically 3-5x higher reply rates. Launching in 2 weeks with 20 founding spots at 40% off forever. What's your current send volume?","pending","2026-03-14"
"sigh01","reddit","https://www.reddit.com/r/OntarioPublicService/comments/1rsphz6/best_strategy_for_joining_the_public_service_from","Hi, I’m looking to transition from the private sector to the Ontario Public Service. I currently work as a Data Analyst (~4 years of experience). I was able to get an informational interview with someone at the Ministry of Health to talk about a Heal","Hey sigh01 — saw your post about Best strategy for joining the Public Service from the Privat. Cold email reply rates have cratered industry-wide — the problem is usually personalisation at scale. AXON is an AI outreach tool that researches each prospect and writes emails that actually reference their situation — typically 3-5x higher reply rates. Launching in 2 weeks with 20 founding spots at 40% off forever. What's your current send volume?","pending","2026-03-14"
"coldemailalex","reddit","https://www.reddit.com/r/Coldemailing/comments/1rsp9gk/why_personalization_wont_save_your_2026_cold","Just a quick observation and please enlighten me with this..    I see so many people stressing over the &quot;perfect&quot; custom opening line while they’re sending 50+ emails a day from a single Workspace inbox and don’t get me wrong, that is valid","Hey coldemailalex — saw your post about Why ""Personalization"" won't save your 2026 cold email setup . Cold email reply rates have cratered industry-wide — the problem is usually personalisation at scale. AXON is an AI outreach tool that researches each prospect and writes emails that actually reference their situation — typically 3-5x higher reply rates. Launching in 2 weeks with 20 founding spots at 40% off forever. What's your current send volume?","pending","2026-03-14"
"fresent","reddit","https://www.reddit.com/r/fresent/comments/1rso5xp/empowering_women_through_marketing_campaigns","A brilliant case study from SK2 illustrates the transformative power of marketing. Instead of focusing solely on beauty, they addressed the societal pressures faced by unmarried women in China. By creating a campaign that resonates emotionally, they ","Hey fresent — saw your post about Empowering Women through Marketing Campaigns. This is a problem AXON is built to solve: AI outreach that finds the right leads and sends personalised messages that actually get replies. Launching in 2 weeks with 40% off for 20 founding members. What does your current customer acquisition look like?","pending","2026-03-14"
"mixmax-972","reddit","https://www.reddit.com/r/sosilandedinspam/comments/1rsnzwl/has_cold_emailing_founders_actually_worked_for","I’ve been seeing more advice lately telling job seekers to skip job boards and email startup founders directly.   The idea is that instead of sending applications into a black hole, you reach out to the founder or hiring manager and show how you can ","Hey mixmax-972 — saw your post about Has cold emailing founders actually worked for anyone trying. Cold email reply rates have cratered industry-wide — the problem is usually personalisation at scale. AXON is an AI outreach tool that researches each prospect and writes emails that actually reference their situation — typically 3-5x higher reply rates. Launching in 2 weeks with 20 founding spots at 40% off forever. What's your current send volume?","pending","2026-03-14"
"solopassions","reddit","https://www.reddit.com/r/GrowMyBusinessNow/comments/1rsnyen/been_stuck_on_the_launchpad_for_months_this_1page","We just crossed the $20,000/month recurring revenue mark this month, up from about $5,000/month just 9 months ago. If you're anything like me, you're probably tired of the generic 'just scale your ads!' or 'build an audience!' advice that glosses ove","Hey solopassions — saw your post about Been stuck on the launchpad for months? This 1-page system a. This is a problem AXON is built to solve: AI outreach that finds the right leads and sends personalised messages that actually get replies. Launching in 2 weeks with 40% off for 20 founding members. What does your current customer acquisition look like?","pending","2026-03-14"
"Ok_Marionberry_9086","reddit","https://www.reddit.com/r/developersIndia/comments/1rsnowc/how_do_i_write_a_cold_email_and_find_contacts_for","In 6th sem. I'm starting to apply for an internship and nothing worked out really so far. I wanna try cold emailing founders and recruiters. How do I find their email?   Any suggestions would help as I'm kinda desparately in need of a internship!    ","Hey Ok_Marionberry_9086 — saw your post about How do I write a cold email and find contacts for internship. Cold email reply rates have cratered industry-wide — the problem is usually personalisation at scale. AXON is an AI outreach tool that researches each prospect and writes emails that actually reference their situation — typically 3-5x higher reply rates. Launching in 2 weeks with 20 founding spots at 40% off forever. What's your current send volume?","pending","2026-03-14"
"Ibby_memes","reddit","https://www.reddit.com/r/SideProject/comments/1rsnndk/ai_cold_email_generator","Hey everyone, I built a free AI tool that writes personalized cold emails instantly. Would love some feedback. Try it free at app.pitchforge.store     &#32; submitted by &#32;   /u/Ibby_memes   &#32; to &#32;   r/SideProject       [link]   &#32;   [c","Hey Ibby_memes — saw your post about AI cold email generator. Cold email reply rates have cratered industry-wide — the problem is usually personalisation at scale. AXON is an AI outreach tool that researches each prospect and writes emails that actually reference their situation — typically 3-5x higher reply rates. Launching in 2 weeks with 20 founding spots at 40% off forever. What's your current send volume?","pending","2026-03-14"
"Fluid-Culture-913","reddit","https://www.reddit.com/r/coldemail/comments/1rsnk15/please_review_my_cold_email","I'm trying to book a meeting with a prospect - Treasurer at an oil trading company- with this email. Please let me know if I covered all the basics   Hi Jim,   I’m _____, and I’m with _____. We help treasury teams at energy trading firms automate pay","Hey Fluid-Culture-913 — saw your post about Please review my cold email. Cold email reply rates have cratered industry-wide — the problem is usually personalisation at scale. AXON is an AI outreach tool that researches each prospect and writes emails that actually reference their situation — typically 3-5x higher reply rates. Launching in 2 weeks with 20 founding spots at 40% off forever. What's your current send volume?","pending","2026-03-14"
"Fluid-Culture-913","reddit","https://www.reddit.com/r/b2b_sales/comments/1rsnh9t/please_review_my_cold_email","I'm trying to book a meeting with a prospect - Treasurer at an oil trading company- with this email. Please let me know if I covered all the basics   Hi Jim,   I’m _____, and I’m with _____. We help treasury teams at energy trading firms automate pay","Hey Fluid-Culture-913 — saw your post about Please review my cold email. Cold email reply rates have cratered industry-wide — the problem is usually personalisation at scale. AXON is an AI outreach tool that researches each prospect and writes emails that actually reference their situation — typically 3-5x higher reply rates. Launching in 2 weeks with 20 founding spots at 40% off forever. What's your current send volume?","pending","2026-03-14"
"Ornery-8378","reddit","https://www.reddit.com/r/cscareeradvice/comments/1rsn468/linkedin_premium","Hi everyone, I am thinking of taking LinkedIn Premium for a while to cold email employers, as the tech market is really bad, and applying only to jobs is not getting me anywhere.  I would really appreciate it if anybody could give me a premium at the","Hey Ornery-8378 — saw your post about LinkedIn Premium. Cold email reply rates have cratered industry-wide — the problem is usually personalisation at scale. AXON is an AI outreach tool that researches each prospect and writes emails that actually reference their situation — typically 3-5x higher reply rates. Launching in 2 weeks with 20 founding spots at 40% off forever. What's your current send volume?","pending","2026-03-14"
"Midwest_Horror","reddit","https://www.reddit.com/r/DarkTales/comments/1rsmzjl/fieldnotes_from_an_egyptological_disaster_pt_4","Jorge left for his own tent that night, but Sam insisted I stay with her. This time, I took her up on that offer. I hated to admit it, but after staring into the eyes of the ka statue and going into a trance the idea of being alone was unbearable.   ","Hey Midwest_Horror — saw your post about Fieldnotes from an Egyptological Disaster [PT 4]. This is a problem AXON is built to solve: AI outreach that finds the right leads and sends personalised messages that actually get replies. Launching in 2 weeks with 40% off for 20 founding members. What does your current customer acquisition look like?","pending","2026-03-14"
"Midwest_Horror","reddit","https://www.reddit.com/r/mrcreeps/comments/1rsmwr0/fieldnotes_from_an_egyptological_disaster_pt_4","Jorge left for his own tent that night, but Sam insisted I stay with her. This time, I took her up on that offer. I hated to admit it, but after staring into the eyes of the ka statue and going into a trance the idea of being alone was unbearable.   ","Hey Midwest_Horror — saw your post about Fieldnotes from an Egyptological Disaster (PT 4). This is a problem AXON is built to solve: AI outreach that finds the right leads and sends personalised messages that actually get replies. Launching in 2 weeks with 40% off for 20 founding members. What does your current customer acquisition look like?","pending","2026-03-14"
"TestZealousal69","reddit","https://www.reddit.com/r/agenticsales/comments/1rsmsyj/ai_personalization_at_scale_is_destroying_the","I built the system that's causing the problem I'm about to describe. That's the part I've been sitting with.   We run a GTM agency. We build agentic outbound for clients: intent signals, firmographic triggers, hiring patterns, technographic changes, ","Hey TestZealousal69 — saw your post about AI personalization at scale is destroying the channels it ru. This is a problem AXON is built to solve: AI outreach that finds the right leads and sends personalised messages that actually get replies. Launching in 2 weeks with 40% off for 20 founding members. What does your current customer acquisition look like?","pending","2026-03-14"
"TestZealousal69","reddit","https://www.reddit.com/r/AI_Sales/comments/1rsmphw/ai_sdr_tools_raised_100m_in_2025_average_cold","&#32; submitted by &#32;   /u/TestZealousal69   &#32; to &#32;   r/AI_Sales       [link]   &#32;   [comments]","Hey TestZealousal69 — saw your post about AI SDR tools raised $100M+ in 2025. average cold email reply. Cold email reply rates have cratered industry-wide — the problem is usually personalisation at scale. AXON is an AI outreach tool that researches each prospect and writes emails that actually reference their situation — typically 3-5x higher reply rates. Launching in 2 weeks with 20 founding spots at 40% off forever. What's your current send volume?","pending","2026-03-14"
"AutoModerator","reddit","https://www.reddit.com/r/sales/comments/1rsmozm/friday_tea_sipping_gossip_hour","Well, you made to Friday. Let's recap our workplace drama from this week.   Coworker microwaved fish in the breakroom (AGAIN!)? Let's hear about it.   Are the pick me girls in HR causing you drama? Tell us what you couldn't say to their smug faces wi","Hey AutoModerator — saw your post about Friday Tea Sipping Gossip Hour. This is a problem AXON is built to solve: AI outreach that finds the right leads and sends personalised messages that actually get replies. Launching in 2 weeks with 40% off for 20 founding members. What does your current customer acquisition look like?","pending","2026-03-14"
"winchester941976","reddit","https://www.reddit.com/r/KnifeCheck/comments/1rsml9x/cold_steel_code_4","Purchased this Cold Steel Code 4 a few years ago off of Ebay. No box. It has no steel markings.   From the research I did this knife was made in Aus8, cys-xhp, and now s35vn. Apparently both the Aus8 and xhp versions have some with no steel markings.","Hey winchester941976 — saw your post about Cold Steel Code 4. This is a problem AXON is built to solve: AI outreach that finds the right leads and sends personalised messages that actually get replies. Launching in 2 weeks with 40% off for 20 founding members. What does your current customer acquisition look like?","pending","2026-03-14"
"Most_Caregiver9282","reddit","https://www.reddit.com/r/DigitalMarketing/comments/1rsm66e/earlystage_product_marketing_question_what","I’m currently helping with early marketing for a small startup product and we’re in the pre-launch phase. The goal right now isn’t sales yet, but building an email waitlist before a crowdfunding launch.   Right now we’re testing a few things:   • Lin","Hey Most_Caregiver9282 — saw your post about Early-stage product marketing question: what channels work b. This is a problem AXON is built to solve: AI outreach that finds the right leads and sends personalised messages that actually get replies. Launching in 2 weeks with 40% off for 20 founding members. What does your current customer acquisition look like?","pending","2026-03-14"
"Mateusz_Sekta","reddit","https://www.reddit.com/r/ColdEmailMasters/comments/1rslx19/cold_email_vs_spam_wheres_the_actual_line","In B2B, cold email is legal under GDPR's &quot;legitimate interest&quot; clause - if you can justify why reaching this specific person makes business sense. Most senders can't, and don't know it.  Has GDPR compliance ever actually stopped you from ru","Hey Mateusz_Sekta — saw your post about Cold email vs. SPAM - where's the actual line?. Cold email reply rates have cratered industry-wide — the problem is usually personalisation at scale. AXON is an AI outreach tool that researches each prospect and writes emails that actually reference their situation — typically 3-5x higher reply rates. Launching in 2 weeks with 20 founding spots at 40% off forever. What's your current send volume?","pending","2026-03-14"
"Mateusz_Sekta","reddit","https://www.reddit.com/r/coldemail/comments/1rslwls/cold_email_vs_spam_wheres_the_actual_line","In B2B, cold email is legal under GDPR's &quot;legitimate interest&quot; clause - if you can justify why reaching this specific person makes business sense. Most senders can't, and don't know it. Has GDPR compliance ever actually stopped you from run","Hey Mateusz_Sekta — saw your post about Cold email vs. SPAM - where's the actual line?. Cold email reply rates have cratered industry-wide — the problem is usually personalisation at scale. AXON is an AI outreach tool that researches each prospect and writes emails that actually reference their situation — typically 3-5x higher reply rates. Launching in 2 weeks with 20 founding spots at 40% off forever. What's your current send volume?","pending","2026-03-14"
"Icy-Emu-8937","reddit","https://www.reddit.com/r/u_Icy-Emu-8937/comments/1rslsrw/how_to_use_email_extractor_for_your_cold_email","&#32; submitted by &#32;   /u/Icy-Emu-8937   &#32; to &#32;   u/Icy-Emu-8937       [link]   &#32;   [comments]","Hey Icy-Emu-8937 — saw your post about How to Use Email Extractor for Your Cold Email Outreach 😎. Cold email reply rates have cratered industry-wide — the problem is usually personalisation at scale. AXON is an AI outreach tool that researches each prospect and writes emails that actually reference their situation — typically 3-5x higher reply rates. Launching in 2 weeks with 20 founding spots at 40% off forever. What's your current send volume?","pending","2026-03-14"
"Joshua_Lawi","reddit","https://www.reddit.com/r/design_critiques/comments/1rslsd7/heres_the_exact_cold_email_sequence_i_use_to_get","I got tired of manually finding leads for my business, so I built an AI that does the entire sales pipeline. It started as a small tool for myself because I was spending hours searching for leads, sending emails, and trying to manage conversations. N","Hey Joshua_Lawi — saw your post about Here's the exact cold email sequence I use to get web design. Cold email reply rates have cratered industry-wide — the problem is usually personalisation at scale. AXON is an AI outreach tool that researches each prospect and writes emails that actually reference their situation — typically 3-5x higher reply rates. Launching in 2 weeks with 20 founding spots at 40% off forever. What's your current send volume?","pending","2026-03-14"
"Joshua_Lawi","reddit","https://www.reddit.com/r/SaaS/comments/1rslrda/heres_the_exact_cold_email_sequence_i_use_to_get","I got tired of manually finding leads for my business, so I built an AI that does the entire sales pipeline. It started as a small tool for myself because I was spending hours searching for leads, sending emails, and trying to manage conversations. N","Hey Joshua_Lawi — saw your post about Here's the exact cold email sequence I use to get web design. Cold email reply rates have cratered industry-wide — the problem is usually personalisation at scale. AXON is an AI outreach tool that researches each prospect and writes emails that actually reference their situation — typically 3-5x higher reply rates. Launching in 2 weeks with 20 founding spots at 40% off forever. What's your current send volume?","pending","2026-03-14"
"tuantruong84","reddit","https://www.reddit.com/r/OpenClawUseCases/comments/1rslnwq/i_spent_4_billion_tokens_just_to_find_out_the","Hi everyone,   As i am building BiClaw- an AI Agent Service sass for business owner. Following the so called OpenClaw hype, instead of hiring, I built a 5-agent team on OpenClaw to run the business autonomously.   Here is the team I have worked on : ","Hey tuantruong84 — saw your post about I spent 4 billion tokens just to find out the best affordabl. This is a problem AXON is built to solve: AI outreach that finds the right leads and sends personalised messages that actually get replies. Launching in 2 weeks with 40% off for 20 founding members. What does your current customer acquisition look like?","pending","2026-03-14"
"Particular_Tart_9573","reddit","https://www.reddit.com/r/advertising/comments/1rslgyz/people_here_who_use_cold_email_to_get_clients","Do you send bulk outreach emails?   And when you do that, do some of those emails bounce because the addresses turn out to be invalid or inactive?   Do you guys verify your email lists before sending, or just send the campaign as it is?   Trying to u","Hey Particular_Tart_9573 — saw your post about People here who use cold email to get clients. Cold email reply rates have cratered industry-wide — the problem is usually personalisation at scale. AXON is an AI outreach tool that researches each prospect and writes emails that actually reference their situation — typically 3-5x higher reply rates. Launching in 2 weeks with 20 founding spots at 40% off forever. What's your current send volume?","pending","2026-03-14"
"TestZealousal69","reddit","https://www.reddit.com/r/AskVibesellers/comments/1rslfp9/ai_sdr_tools_raised_100m_in_2025_average_cold","I got excited when the AI SDR wave hit.   I bought into the pitch and dropped the tool in.    I let it run and watched the dashboard fill up with &quot;sends&quot; and told myself the meetings were coming.   Three months later my reply rate was lower","Hey TestZealousal69 — saw your post about AI SDR tools raised $100M+ in 2025. average cold email reply. Cold email reply rates have cratered industry-wide — the problem is usually personalisation at scale. AXON is an AI outreach tool that researches each prospect and writes emails that actually reference their situation — typically 3-5x higher reply rates. Launching in 2 weeks with 20 founding spots at 40% off forever. What's your current send volume?","pending","2026-03-14"
"DreamerGal2026","reddit","https://www.reddit.com/r/TalkTherapy/comments/1rsl5ud/terrible_end_to_wonderful_5year_therapeutic","After five years of what I thought was a safe and trusted therapeutic relationship, I walked out of my therapist's office two weeks ago knowing I'd never return again.    Two weeks ago, I (very reluctantly) told my therapist that I had feelings for h","Hey DreamerGal2026 — saw your post about Terrible end to wonderful (?) 5-year therapeutic relationshi. This is a problem AXON is built to solve: AI outreach that finds the right leads and sends personalised messages that actually get replies. Launching in 2 weeks with 40% off for 20 founding members. What does your current customer acquisition look like?","pending","2026-03-14"
"naturalziggurat","reddit","https://www.reddit.com/r/u_naturalziggurat/comments/1rsknck/missed_email_from_client_or_how_i_lost_10k","Our sales inbox gets flooded with spam every week.   Cold outreach, marketing emails, random offers. Real customer inquiries get buried inside all of that.   Last month it actually cost us money.   Two emails from important clients were missed by the","Hey naturalziggurat — saw your post about Missed email from client or how I lost $10k. Deliverability is a silent killer for cold email — most senders don't know their emails are going straight to spam. AXON handles domain warmup, sending infrastructure, and spam-safe copy generation so you actually land in inboxes. Launching in 2 weeks with 20 founding spots at 40% off. How many domains are you currently sending from?","pending","2026-03-14"
"harv_89","reddit","https://www.reddit.com/r/startups/comments/1rskjgs/i_compared_1000_cold_emails_vs_1000_cold_calls_i","As the title suggests, I help businesses run outbound B2B campaigns whilst still being actively involved in selling/marketing for a 3rd party. I thought it would be interesting to run a simple comparison between cold email and cold calling, targeting","Hey harv_89 — saw your post about I compared 1,000 cold emails vs 1,000 cold calls - I will no. Cold email reply rates have cratered industry-wide — the problem is usually personalisation at scale. AXON is an AI outreach tool that researches each prospect and writes emails that actually reference their situation — typically 3-5x higher reply rates. Launching in 2 weeks with 20 founding spots at 40% off forever. What's your current send volume?","pending","2026-03-14"
"ColdBeneficial3103","reddit","https://www.reddit.com/r/coldemail/comments/1rskhlf/email_linkedin_or_calls_too","We’ve tested a lot of outreach combos over the last couple years.   Pure cold email.  LinkedIn only.  Calls first.  Email + calls.  LinkedIn + email.   What’s consistently worked best for us though is still a really simple flow:    Email → LinkedIn →","Hey ColdBeneficial3103 — saw your post about Email + LinkedIn or Calls too?. Cold email reply rates have cratered industry-wide — the problem is usually personalisation at scale. AXON is an AI outreach tool that researches each prospect and writes emails that actually reference their situation — typically 3-5x higher reply rates. Launching in 2 weeks with 20 founding spots at 40% off forever. What's your current send volume?","pending","2026-03-14"
"Ok-Assistant-3975","reddit","https://www.reddit.com/r/MailChimp/comments/1rskd27/how_you_guys_outreach_via_cold_email","Hello, everyone I hope you must be all doing well.I was curious about something that what could be the better structure for a cold email outreach?   If anyone's been doing that in this field, in marketing field, quick email template or any guidance w","Hey Ok-Assistant-3975 — saw your post about How you guys outreach via cold email ?. Cold email reply rates have cratered industry-wide — the problem is usually personalisation at scale. AXON is an AI outreach tool that researches each prospect and writes emails that actually reference their situation — typically 3-5x higher reply rates. Launching in 2 weeks with 20 founding spots at 40% off forever. What's your current send volume?","pending","2026-03-14"
"Guilty-Tadpole791","reddit","https://www.reddit.com/r/Layoffs/comments/1rsjzjw/i_am_exhausted","Last year I got laid off in Canada and my work permit was expiring the same year so nobody wanted to hire me. I had no choice but to leave and I moved to Dubai to find a job since my dad lives here.    I was so close to getting a job until the war be","Hey Guilty-Tadpole791 — saw your post about i am exhausted. This is a problem AXON is built to solve: AI outreach that finds the right leads and sends personalised messages that actually get replies. Launching in 2 weeks with 40% off for 20 founding members. What does your current customer acquisition look like?","pending","2026-03-14"
"Techie_CV","reddit","https://www.reddit.com/r/ITResumes/comments/1rsjroe/how_to_answer_the_what_are_your_salary","So… you've gone through an entire hiring process. You've passed the recruiter screens. You've convinced the hiring manager. You've met with the team, and you've got the big boss' approval. Then comes the  &quot;how much do you want?&quot;  question a","Hey Techie_CV — saw your post about How to answer the “What are your salary expectations?” inter. This is a problem AXON is built to solve: AI outreach that finds the right leads and sends personalised messages that actually get replies. Launching in 2 weeks with 40% off for 20 founding members. What does your current customer acquisition look like?","pending","2026-03-14"
"NeedleworkerBasic992","reddit","https://www.reddit.com/r/growleads/comments/1rsjof2/what_reply_rate_do_you_consider_good_for_cold","Cold email benchmarks are confusing.   Some say 1 percent is normal.  Some say 10 percent is achievable.   Others say reply rates don’t matter. Only meetings do.   So I’m curious.  What reply rate are you currently seeing?   And what do you consider ","Hey NeedleworkerBasic992 — saw your post about What reply rate do you consider good for cold email?. Cold email reply rates have cratered industry-wide — the problem is usually personalisation at scale. AXON is an AI outreach tool that researches each prospect and writes emails that actually reference their situation — typically 3-5x higher reply rates. Launching in 2 weeks with 20 founding spots at 40% off forever. What's your current send volume?","pending","2026-03-14"
"No-Concentrate-9921","reddit","https://www.reddit.com/r/StartupMind/comments/1rsjfzh/how_to_get_your_first_100_paying_users_with_zero","HOW TO GET YOUR FIRST 100 PAYING USERS WITH ZERO AD SPEND   i've done this multiple times now in less than 2 weeks with $0 to my name.   here's the exact playbook:   1\ reddit is your best growth channel and nobody uses it right   posts:   &gt; YOU D","Hey No-Concentrate-9921 — saw your post about HOW TO GET YOUR FIRST 100 PAYING USERS WITH ZERO AD SPEND. This is a problem AXON is built to solve: AI outreach that finds the right leads and sends personalised messages that actually get replies. Launching in 2 weeks with 40% off for 20 founding members. What does your current customer acquisition look like?","pending","2026-03-14"
"Malachitevalkyrie72","reddit","https://www.reddit.com/r/EstrangedAdultKids/comments/1rsje60/followup_more_context_about_the_family_dynamics","After my previous post I realised I kept things quite broad. A few people asked what kinds of patterns actually led to the estrangement, so I wanted to explain some of the background. I’m still not using names because the goal isn’t to attack individ","Hey Malachitevalkyrie72 — saw your post about Follow-up: more context about the family dynamics that led t. This is a problem AXON is built to solve: AI outreach that finds the right leads and sends personalised messages that actually get replies. Launching in 2 weeks with 40% off for 20 founding members. What does your current customer acquisition look like?","pending","2026-03-14"
"Ill_Control_4478","reddit","https://www.reddit.com/r/emaildeliverability/comments/1rsjb0n/biggest_mistake_in_cold_email_outreach","Many senders run cold email campaigns without verifying their email lists. As a result, they send emails to invalid, inactive, or undeliverable addresses.   This increases bounce rates and damages the domain’s reputation. In some cases, the domain ev","Hey Ill_Control_4478 — saw your post about Biggest Mistake in Cold Email outreach. Cold email reply rates have cratered industry-wide — the problem is usually personalisation at scale. AXON is an AI outreach tool that researches each prospect and writes emails that actually reference their situation — typically 3-5x higher reply rates. Launching in 2 weeks with 20 founding spots at 40% off forever. What's your current send volume?","pending","2026-03-14"
"Honeysyedseo","reddit","https://www.reddit.com/r/GoToMarketEngineers/comments/1rsj8si/the_b2b_facebook_ads_targeting_method_that","&quot;Facebook ads don't work for me my audience is too small&quot;    find your target customers linkedin pofiles    then use the tool like  salesql  API to find their personal emails    you can do a customer match list with those emails in Facebook","Hey Honeysyedseo — saw your post about The B2B Facebook ads targeting method that bypasses the smal. This is a problem AXON is built to solve: AI outreach that finds the right leads and sends personalised messages that actually get replies. Launching in 2 weeks with 40% off for 20 founding members. What does your current customer acquisition look like?","pending","2026-03-14"
"coldemailutsav","reddit","https://www.reddit.com/r/coldemail/comments/1rsj5ou/does_using_the_sign_affect_spam_filters","Quick question about cold email deliverability   For example, in a line like:   “You're about to spend $80–120K on a {{Title}} who won't book a qualified meeting for the next 4 months.”   Would love to hear from people who’ve tested this in real camp","Hey coldemailutsav — saw your post about Does using the $ sign affect spam filters?. Cold email reply rates have cratered industry-wide — the problem is usually personalisation at scale. AXON is an AI outreach tool that researches each prospect and writes emails that actually reference their situation — typically 3-5x higher reply rates. Launching in 2 weeks with 20 founding spots at 40% off forever. What's your current send volume?","pending","2026-03-14"
"Serious-Bedroom-8279","reddit","https://www.reddit.com/r/weddingplanning/comments/1rsj463/help_with_invitation_wording_please","Got a draft back of the design i created and wording, but I don't think it looks right.   What do I need to change? Anything else I should add to the details? Anything obvious I have missed?   Help please!    https://preview.redd.it/0i1020i1csog1.png","Hey Serious-Bedroom-8279 — saw your post about Help with invitation wording please. This is a problem AXON is built to solve: AI outreach that finds the right leads and sends personalised messages that actually get replies. Launching in 2 weeks with 40% off for 20 founding members. What does your current customer acquisition look like?","pending","2026-03-14"
"Serious-Bedroom-8279","reddit","https://www.reddit.com/r/UKweddings/comments/1rsj38z/help_with_invitation_wording_please","Got a draft back of the design i created and wording, but I dont think it looks right.   What do I need to change? Anything else I should add to the details? Anything obvious I have missed?   Help please!    https://preview.redd.it/43j43k6wbsog1.png?","Hey Serious-Bedroom-8279 — saw your post about Help with invitation wording please. This is a problem AXON is built to solve: AI outreach that finds the right leads and sends personalised messages that actually get replies. Launching in 2 weeks with 40% off for 20 founding members. What does your current customer acquisition look like?","pending","2026-03-14"
"Particular_Tart_9573","reddit","https://www.reddit.com/r/LeadGenMarketplace/comments/1rsj2em/biggest_mistake_in_cold_email_campaigns_for_lead","Many senders run email marketing campaigns without verifying their email lists. As a result, they send emails to invalid, inactive, or undeliverable addresses.   This increases bounce rates and damages the domain’s reputation. In some cases, the doma","Hey Particular_Tart_9573 — saw your post about Biggest Mistake in Cold Email Campaigns for Lead Generation. Cold email reply rates have cratered industry-wide — the problem is usually personalisation at scale. AXON is an AI outreach tool that researches each prospect and writes emails that actually reference their situation — typically 3-5x higher reply rates. Launching in 2 weeks with 20 founding spots at 40% off forever. What's your current send volume?","pending","2026-03-14"
"Ukiyoprod","reddit","https://www.reddit.com/r/u_Ukiyoprod/comments/1rsj0n9/we_reviewed_growth_strategies_across_several","Over the past year we’ve had the chance to work with and observe a number of small SaaS products trying to grow their first few hundred users.   One thing that became very clear:   There’s a big difference between  strategies that look good on paper ","Hey Ukiyoprod — saw your post about We reviewed growth strategies across several small SaaS prod. This is a problem AXON is built to solve: AI outreach that finds the right leads and sends personalised messages that actually get replies. Launching in 2 weeks with 40% off for 20 founding members. What does your current customer acquisition look like?","pending","2026-03-14"
"Particular_Tart_9573","reddit","https://www.reddit.com/r/coldemail/comments/1rsj07y/biggest_mistake_in_cold_email_campaigns","Many senders run cold email campaigns without verifying their email lists. As a result, they send emails to invalid, inactive, or undeliverable addresses.   This increases bounce rates and damages the domain’s reputation. In some cases, the domain ev","Hey Particular_Tart_9573 — saw your post about Biggest Mistake in Cold Email Campaigns. Cold email reply rates have cratered industry-wide — the problem is usually personalisation at scale. AXON is an AI outreach tool that researches each prospect and writes emails that actually reference their situation — typically 3-5x higher reply rates. Launching in 2 weeks with 20 founding spots at 40% off forever. What's your current send volume?","pending","2026-03-14"
"fuzzynoisemaker","reddit","https://www.reddit.com/r/ADHDUK/comments/1rsiurn/high_blood_pressure_on_elvanse","I need some help and maybe reassurance from people who have been on the same medication. I've been on 30mg of elvance since last November. It's all been fine but in the past month when I was asked to submit my readings my SYS and DIA readings have be","Hey fuzzynoisemaker — saw your post about High blood pressure on Elvanse. This is a problem AXON is built to solve: AI outreach that finds the right leads and sends personalised messages that actually get replies. Launching in 2 weeks with 40% off for 20 founding members. What does your current customer acquisition look like?","pending","2026-03-14"
"ImpressionThen4207","reddit","https://www.reddit.com/r/u_ImpressionThen4207/comments/1rsipbr/we_tested_12_ai_tools_for_small_businesses_only_3","Over the last few months we tested a bunch of AI tools that claim to “automate your business.”   Most of them looked impressive in demos.   But when you actually try to run them inside a real small business workflow… things break pretty quickly.   Co","Hey ImpressionThen4207 — saw your post about We tested 12 AI tools for small businesses. Only 3 were actu. This is a problem AXON is built to solve: AI outreach that finds the right leads and sends personalised messages that actually get replies. Launching in 2 weeks with 40% off for 20 founding members. What does your current customer acquisition look like?","pending","2026-03-14"
"Ukiyoprod","reddit","https://www.reddit.com/r/u_Ukiyoprod/comments/1rsioo9/ai_agents_that_actually_help_small_businesses","I didn’t start researching AI agents because I love automation.   I started because a lot of small businesses we talk to are overwhelmed.   Missed leads.  Manual follow-ups.  Customer messages scattered across email, website chat, and DMs.   So I sta","Hey Ukiyoprod — saw your post about AI Agents That Actually Help Small Businesses Automate Real . This is a problem AXON is built to solve: AI outreach that finds the right leads and sends personalised messages that actually get replies. Launching in 2 weeks with 40% off for 20 founding members. What does your current customer acquisition look like?","pending","2026-03-14"
"Confident-Viking4270","reddit","https://www.reddit.com/r/coldemail/comments/1rsijvd/interesting_patterns_from_the_replies_on_my_last","About 10 days ago I asked here how agencies monitor domain reputation across multiple sending domains.   Got a lot of useful replies and a few patterns showed up:    1 Some teams build internal dashboards   Pulling data from Google Postmaster / SNDS ","Hey Confident-Viking4270 — saw your post about Interesting patterns from the replies on my last domain repu. This is a problem AXON is built to solve: AI outreach that finds the right leads and sends personalised messages that actually get replies. Launching in 2 weeks with 40% off for 20 founding members. What does your current customer acquisition look like?","pending","2026-03-14"
"TatoAbramishvili","reddit","https://www.reddit.com/r/SaaS/comments/1rsij4o/how_would_you_market_a_saas_like_this","Hey everyone,   I built a product called Looplane. It’s a simple client portal for freelancers and agencies to share updates, files, and approvals with clients in one place. The idea came from repeatedly seeing projects slowed down by messy client co","Hey TatoAbramishvili — saw your post about How would you market a SaaS like this?. This is a problem AXON is built to solve: AI outreach that finds the right leads and sends personalised messages that actually get replies. Launching in 2 weeks with 40% off for 20 founding members. What does your current customer acquisition look like?","pending","2026-03-14"
"Character_Map1803","reddit","https://www.reddit.com/r/AiForSmallBusiness/comments/1rsii3l/what_tools_do_you_use_to_find_and_manage_clients","We’re just starting to build our system for finding and managing clients, and we’re curious how others are doing it   Right now our setup looks like this:  - We use      CRM Software  to manage clients  - We built an AI-based cold email outreach syst","Hey Character_Map1803 — saw your post about What tools do you use to find and manage clients?. Cold email reply rates have cratered industry-wide — the problem is usually personalisation at scale. AXON is an AI outreach tool that researches each prospect and writes emails that actually reference their situation — typically 3-5x higher reply rates. Launching in 2 weeks with 20 founding spots at 40% off forever. What's your current send volume?","pending","2026-03-14"
"automata_n8n","reddit","https://www.reddit.com/r/paratusai/comments/1rsi8e3/weekly_win_thread_share_your_wins_big_or_small","Happy Friday,  r/paratusai ! 🎉   Time for our  Weekly Win Thread!    What's a &quot;Win&quot;?   Literally anything positive:   ✅ Landed a client  ✅ Sent your first cold email  ✅ Got a response to a pitch  ✅ Completed a workflow  ✅ Got paid  ✅ Learne","Hey automata_n8n — saw your post about [WEEKLY WIN THREAD] Share Your Wins - Big or Small! 🎉. Cold email reply rates have cratered industry-wide — the problem is usually personalisation at scale. AXON is an AI outreach tool that researches each prospect and writes emails that actually reference their situation — typically 3-5x higher reply rates. Launching in 2 weeks with 20 founding spots at 40% off forever. What's your current send volume?","pending","2026-03-14"
"Own-Farmer-5223","reddit","https://www.reddit.com/r/ProductivityApps/comments/1rshtl7/i_built_office_agent","https://reddit.com/link/1rshtl7/video/gwe0sknnxrog1/player    I posted here recently asking for a &quot;cold&quot; review of my website, SummAI. As a student developer, your feedback was a huge wake-up call for me.   The biggest takeaway was:  &quot;","Hey Own-Farmer-5223 — saw your post about I built office agent🔥🔥🔥🔥🔥🔥. This is a problem AXON is built to solve: AI outreach that finds the right leads and sends personalised messages that actually get replies. Launching in 2 weeks with 40% off for 20 founding members. What does your current customer acquisition look like?","pending","2026-03-14"
"mrekted","reddit","https://www.reddit.com/r/outreach","For admins and users of outreach.io to collaborate, share best practices, etc. Not affiliated with or sponsored by Outreach.io.      [link]","Hey mrekted — saw your post about Reddit helping Reddit. This is a problem AXON is built to solve: AI outreach that finds the right leads and sends personalised messages that actually get replies. Launching in 2 weeks with 40% off for 20 founding members. What does your current customer acquisition look like?","pending","2026-03-14"
"unknown","reddit","https://www.reddit.com/r/OutreachHPG","Outreach HPG is a discussion hub for Mechwarrior Online and Mechwarror 5 Mercenaries, stompy robot games by PGI.      [link]","Hey unknown — saw your post about MechWarrior Online :: Outreach HPG :: MWO. This is a problem AXON is built to solve: AI outreach that finds the right leads and sends personalised messages that actually get replies. Launching in 2 weeks with 40% off for 20 founding members. What does your current customer acquisition look like?","pending","2026-03-14"
"Gabriel_Hanson","reddit","https://www.reddit.com/r/EmailOutreach","Real-world strategies for cold email that actually gets replies. From lead gen to inbox hacks—tools, tips, and templates that work in 2025      [link]","Hey Gabriel_Hanson — saw your post about Email Outreach. Cold email reply rates have cratered industry-wide — the problem is usually personalisation at scale. AXON is an AI outreach tool that researches each prospect and writes emails that actually reference their situation — typically 3-5x higher reply rates. Launching in 2 weeks with 20 founding spots at 40% off forever. What's your current send volume?","pending","2026-03-14"
"Animehub03","reddit","https://www.reddit.com/r/RecruitmentAgencies/comments/1rsw5ui/how_do_you_get_clients","Hey so I am curious about how firms get clients basically?   Is it more referrals or outreach?     &#32; submitted by &#32;   /u/Animehub03   &#32; to &#32;   r/RecruitmentAgencies       [link]   &#32;   [comments]","Hey Animehub03 — saw your post about How do you get clients?. This is a problem AXON is built to solve: AI outreach that finds the right leads and sends personalised messages that actually get replies. Launching in 2 weeks with 40% off for 20 founding members. What does your current customer acquisition look like?","pending","2026-03-14"
"wwu-doc","reddit","https://www.reddit.com/r/WWU/comments/1rsw193/disability_community_end_of_winter_quarter","Join the Disability Access Center and Disability Outreach Center for a Disability Community End of Winter Quarter Celebration on Friday, March 13 from 4:30 PM - 6:00 PM in the Multicultural Center Multi-Use Room (Viking Union 735)! All are invited to","Hey wwu-doc — saw your post about Disability Community End of Winter Quarter Celebration - TOD. This is a problem AXON is built to solve: AI outreach that finds the right leads and sends personalised messages that actually get replies. Launching in 2 weeks with 40% off for 20 founding members. What does your current customer acquisition look like?","pending","2026-03-14"
"Chara_Laine","reddit","https://www.reddit.com/r/coldemail/comments/1rsvw9r/did_clay_just_price_out_half_its_user_base","Been using Clay for a while for enrichment + outreach workflows, and the new pricing caught me off guard.   The removal of the Explorer plan alone is a huge shift. Now if you want API access or webhooks you’re basically looking at the $495/month plan","Hey Chara_Laine — saw your post about Did Clay just price out half its user base?. This is a problem AXON is built to solve: AI outreach that finds the right leads and sends personalised messages that actually get replies. Launching in 2 weeks with 40% off for 20 founding members. What does your current customer acquisition look like?","pending","2026-03-14"
"saadalsattouf","reddit","https://www.reddit.com/r/SaaS/comments/1rsvvql/how_did_you_land_your_first_client","Hi everyone,   I’ve spent the past few months building my first SaaS product.   Now that I’m getting close to launching and talking to real users, I’ve noticed something interesting.   It’s not just about building the product anymore — it’s about sta","Hey saadalsattouf — saw your post about How did you land your first client ?. This is a problem AXON is built to solve: AI outreach that finds the right leads and sends personalised messages that actually get replies. Launching in 2 weeks with 40% off for 20 founding members. What does your current customer acquisition look like?","pending","2026-03-14"
"Parking_Spot","reddit","https://www.reddit.com/r/spoonerism/comments/1rsvukr/meta_ubinpdx_has_been_banned_plans_for_the_weekly","The last few months in my favorite little corner of the internet have been uncharacteristically dramatic. The enthusiastic participation of  u/binpdx  generated an unprecedented number of reports, and though they were not breaking any of the subs rul","Hey Parking_Spot — saw your post about META: u/binpdx has been banned, plans for the Weekly Brain D. This is a problem AXON is built to solve: AI outreach that finds the right leads and sends personalised messages that actually get replies. Launching in 2 weeks with 40% off for 20 founding members. What does your current customer acquisition look like?","pending","2026-03-14"
"Agreeable-Ad4806","reddit","https://www.reddit.com/r/PremedPrep/comments/1rsvthf/premed_extracurriculars","First, here’s an overview of the kind of activities I’m referring to when I say “premed extracurriculars.”      Shadowing physicians to see advanced clinical care firsthand     Clinical volunteering in hospitals, clinics, or nursing homes     Communi","Hey Agreeable-Ad4806 — saw your post about Premed Extracurriculars. This is a problem AXON is built to solve: AI outreach that finds the right leads and sends personalised messages that actually get replies. Launching in 2 weeks with 40% off for 20 founding members. What does your current customer acquisition look like?","pending","2026-03-14"
"ashleymorris8990","reddit","https://www.reddit.com/r/u_ashleymorris8990/comments/1rsvtc3/which_crm_solutions_actually_use_ai_to_help","I’m looking into this specifically for the jewellery industry, where managing leads, client relationships, and repeat buyers is critical.   Some AI-enabled CRMs now help automate things like lead follow-ups, appointment booking, personalized outreach","Hey ashleymorris8990 — saw your post about Which CRM solutions actually use AI to help businesses scale. This is a problem AXON is built to solve: AI outreach that finds the right leads and sends personalised messages that actually get replies. Launching in 2 weeks with 40% off for 20 founding members. What does your current customer acquisition look like?","pending","2026-03-14"
"arctic_fox01","reddit","https://www.reddit.com/r/BuildToShip/comments/1rsvs8v/i_launched_a_saas_with_0_followers_heres_exactly","No audience. No followers. No one knew my product existed.   That was me 8 months ago when I launched my SaaS. I didn’t have a Twitter following, a newsletter, or a single person waiting for what I was building.   Here’s the exact playbook I ran — an","Hey arctic_fox01 — saw your post about I launched a SaaS with 0 followers. Here’s exactly how I got. This is a problem AXON is built to solve: AI outreach that finds the right leads and sends personalised messages that actually get replies. Launching in 2 weeks with 40% off for 20 founding members. What does your current customer acquisition look like?","pending","2026-03-14"
"mandolin01","reddit","https://www.reddit.com/r/VeteransBenefits/comments/1rsvq5o/va_stand_downoutreach_eventdeltona_fl_3202632126","To include claims processing assistance and real time exams.     &#32; submitted by &#32;   /u/mandolin01   &#32; to &#32;   r/VeteransBenefits       [link]   &#32;   [comments]","Hey mandolin01 — saw your post about VA Stand Down/Outreach event-Deltona, FL, 3/20/26-3/21/26. This is a problem AXON is built to solve: AI outreach that finds the right leads and sends personalised messages that actually get replies. Launching in 2 weeks with 40% off for 20 founding members. What does your current customer acquisition look like?","pending","2026-03-14"
"Substantial-Spot-451","reddit","https://www.reddit.com/r/cloudhire/comments/1rsvmtz/cloudhireai_is_straightup_garbage_dont_waste_your","Yo everyone in this sub (and anyone else job hunting who’s tempted by their ads),   I’m still pissed about this so I’m just gonna rant real quick before I forget how scammy it felt.   Saw all the hype about “AI that applies to 1000+ jobs for you” and","Hey Substantial-Spot-451 — saw your post about CloudHire.ai is straight-up garbage, don’t waste your money,. This is a problem AXON is built to solve: AI outreach that finds the right leads and sends personalised messages that actually get replies. Launching in 2 weeks with 40% off for 20 founding members. What does your current customer acquisition look like?","pending","2026-03-14"
"Salty-Cat2634","reddit","https://www.reddit.com/r/hiringpakistan/comments/1rsvlgb/for_hire_i_run_your_social_media_manage_your_ads","Hi, I'm 25F from a Media and Marketing background. I've been working remotely for the past 2.5 years with agencies and online businesses. A few days ago I was unfortunately laid off due to financial issues at the agency, so I'm currently looking for ","Hey Salty-Cat2634 — saw your post about [FOR HIRE] I Run Your Social Media, Manage Your Ads, and Do . This is a problem AXON is built to solve: AI outreach that finds the right leads and sends personalised messages that actually get replies. Launching in 2 weeks with 40% off for 20 founding members. What does your current customer acquisition look like?","pending","2026-03-14"
"ailacollins","reddit","https://www.reddit.com/r/VisualSnowSyndrome/comments/1rsvjfz/my_official_recovery_story_is_now_linked_on_the","IMPORTANT NOTE: The moderator on the main VS subreddit manually REMOVED this post despite it not violating any rules. They regularly remove positive recovery stories due to their own differing beliefs and experiences, and are preventing real and open","Hey ailacollins — saw your post about My official recovery story is now linked on the VSI page :). This is a problem AXON is built to solve: AI outreach that finds the right leads and sends personalised messages that actually get replies. Launching in 2 weeks with 40% off for 20 founding members. What does your current customer acquisition look like?","pending","2026-03-14"
"I-Build-AI","reddit","https://www.reddit.com/r/Bangalorestartups/comments/1rsvjc1/im_validating_my_startup_idea_and_id_love_to_hear","Idea: I'm planning to build a startup called Orbium AI - an AI workforce for your business.   Instead of using many tools to perform tasks, you can hire an AI employee to perform tasks for you.   Example: You want to find SaaS founders in the UK and ","Hey I-Build-AI — saw your post about I'm validating my startup idea, and I'd love to hear your ho. This is a problem AXON is built to solve: AI outreach that finds the right leads and sends personalised messages that actually get replies. Launching in 2 weeks with 40% off for 20 founding members. What does your current customer acquisition look like?","pending","2026-03-14"
"I-Build-AI","reddit","https://www.reddit.com/r/SideProject/comments/1rsvi2b/im_validating_a_startup_idea_and_would_love","Idea: I'm planning to build a startup called Orbium AI - an AI workforce for your business.   Instead of using many tools to perform tasks, you can hire an AI employee to perform tasks for you.   Example: You want to find SaaS founders in the UK and ","Hey I-Build-AI — saw your post about I'm validating a startup idea and would love honest feedback. This is a problem AXON is built to solve: AI outreach that finds the right leads and sends personalised messages that actually get replies. Launching in 2 weeks with 40% off for 20 founding members. What does your current customer acquisition look like?","pending","2026-03-14"
"I-Build-AI","reddit","https://www.reddit.com/r/SaaS/comments/1rsvecc/im_validating_a_startup_idea_and_would_love","The idea: Orbium AI — an AI workforce for your business.   Instead of using many tools separately, you hire AI employees that execute tasks.   Example workflow:   You type: &quot;Find SaaS founders in the UK and prepare outreach emails.&quot;   Orbiu","Hey I-Build-AI — saw your post about I'm validating a startup idea and would love honest feedback. This is a problem AXON is built to solve: AI outreach that finds the right leads and sends personalised messages that actually get replies. Launching in 2 weeks with 40% off for 20 founding members. What does your current customer acquisition look like?","pending","2026-03-14"
"ForestDevs","reddit","https://www.reddit.com/r/LeavingNeverlandHBO/comments/1rsvdun/cascio_bombshell_timeline_in_latest_lawsuit_flips","How A Biopic Script Crisis Triggered The Discovery Of A Five Year Legal Ambush    If you’ve followed the news about the Cascio family’s legal action against the Estate of Michael Jackson, you’ve probably seen reports linking their million dollar clai","Hey ForestDevs — saw your post about CASCIO BOMBSHELL: TIMELINE IN LATEST LAWSUIT FLIPS THE SCRIP. This is a problem AXON is built to solve: AI outreach that finds the right leads and sends personalised messages that actually get replies. Launching in 2 weeks with 40% off for 20 founding members. What does your current customer acquisition look like?","pending","2026-03-14"
"Salty-Cat2634","reddit","https://www.reddit.com/r/freelance_forhire/comments/1rsvc8l/for_hire_lead_generation_outreach_specialist_crm","Hi, I'm based in Pakistan and available for remote work with international and local clients.   Marketing and outreach specialist offering remote support to businesses that need help finding prospects, organizing data, and managing outreach campaigns","Hey Salty-Cat2634 — noticed your post about [FOR HIRE] Lead Generation & Outreach Specialist | CRM, Rese. Lead gen being this hard usually means the top-of-funnel is broken — wrong list, generic message, or both. AXON fixes both: it finds verified leads in your ICP and writes personalised outreach for each one. Launching in 2 weeks, 40% off for 20 founding members. What does your ICP look like?","pending","2026-03-14"
"Interesting-Split119","reddit","https://www.reddit.com/r/cloudhire/comments/1rsv9wl/my_experience_with_cloudhiremostly_hype_little","Hey,I've been job hunting for a while and kept seeing CloudHire ads everywhere promising AI magic: optimized resumes, mock interviews, and auto-applying to hundreds of remote jobs so you don't have to. Sounded too good, especially with all the &quot;","Hey Interesting-Split119 — saw your post about My experience with CloudHire-mostly hype, little results (be. This is a problem AXON is built to solve: AI outreach that finds the right leads and sends personalised messages that actually get replies. Launching in 2 weeks with 40% off for 20 founding members. What does your current customer acquisition look like?","pending","2026-03-14"
"Fabulous-Guide9129","reddit","https://www.reddit.com/r/BoltPR/comments/1rsv2yv/what_pr_agency_is_the_best_for_consumer_tech","TL;DR   If you're a  consumer tech brand launching devices like wearables, smart home products, robotics, health tech, or AI-powered gadgets ,  Bolt PR  helps turn innovation into real visibility. Their team blends  PR, influencer engagement, digital","Hey Fabulous-Guide9129 — saw your post about What PR Agency is the Best for Consumer Tech Brands?. This is a problem AXON is built to solve: AI outreach that finds the right leads and sends personalised messages that actually get replies. Launching in 2 weeks with 40% off for 20 founding members. What does your current customer acquisition look like?","pending","2026-03-14"
"kuwukie","reddit","https://www.reddit.com/r/Archivists/comments/1rsuyse/seeking_advice_between_two_potential_jobs","I hope it's okay for me to cross-post my question here! I sought advice 4 years ago here when making the decision to go for my MLIS or not, for a concentration in digital archives. My current question is vaguely archives-related.   If it's not releva","Hey kuwukie — saw your post about Seeking advice between two potential jobs. This is a problem AXON is built to solve: AI outreach that finds the right leads and sends personalised messages that actually get replies. Launching in 2 weeks with 40% off for 20 founding members. What does your current customer acquisition look like?","pending","2026-03-14"
"kuwukie","reddit","https://www.reddit.com/r/LibraryScience/comments/1rsuwal/seeking_advice_between_two_potential_jobs","Hello! I am a graduating MSLIS student this semester. I've been going through the job search. I haven't been made any formal job offers yet, but I figured I would ask for input in advance for these 2 specific jobs and just in general, thinking about ","Hey kuwukie — saw your post about Seeking advice between two potential jobs. This is a problem AXON is built to solve: AI outreach that finds the right leads and sends personalised messages that actually get replies. Launching in 2 weeks with 40% off for 20 founding members. What does your current customer acquisition look like?","pending","2026-03-14"
"TulumTomTom","reddit","https://www.reddit.com/r/VirtualAssistant/comments/1rsuvhd/for_hire_experienced_virtual_assistant_seo","I’m a results-driven remote Virtual Assistant specializing in SEO, content creation, and marketing strategy.    What I do (services)    SEO &amp; Backlinking: Domain analysis, on-page improvements, and targeted off-page backlink strategies using indu","Hey TulumTomTom — saw your post about [For Hire] Experienced Virtual Assistant — SEO, Content & So. This is a problem AXON is built to solve: AI outreach that finds the right leads and sends personalised messages that actually get replies. Launching in 2 weeks with 40% off for 20 founding members. What does your current customer acquisition look like?","pending","2026-03-14"
"jmarquez775327","reddit","https://www.reddit.com/r/careeradvice/comments/1rsusfc/is_my_job_in_danger","I’m starting to get worried about my job security.    For context, I’m in business development at a 200ish person company, and I’ve been at the company for about a year… There’s been a lot of organizational change, and we are reworking our outreach m","Hey jmarquez775327 — saw your post about Is my Job in danger?. This is a problem AXON is built to solve: AI outreach that finds the right leads and sends personalised messages that actually get replies. Launching in 2 weeks with 40% off for 20 founding members. What does your current customer acquisition look like?","pending","2026-03-14"
"HealthyPerception902","reddit","https://www.reddit.com/r/electionadvertisement/comments/1rsum69/why_traditional_voter_outreach_in_india_is","After 15 years building the technological infrastructure for election campaigns across Pan-India, I see candidates lighting crores of rupees on fire with the same 'proven' traditional methods. Here's why the math just doesn't work.   Think about it. ","Hey HealthyPerception902 — saw your post about Why 'Traditional' Voter Outreach in India is Mathematically . This is a problem AXON is built to solve: AI outreach that finds the right leads and sends personalised messages that actually get replies. Launching in 2 weeks with 40% off for 20 founding members. What does your current customer acquisition look like?","pending","2026-03-14"
"Notnicejitt","reddit","https://www.reddit.com/r/FAANGrecruiting/comments/1rsukv4/fourth_year_no_internships_hundreds_of_apps_zero","Hey Guys,   Honestly feeling lost here. About to delay graduation because I cannot land anything.   Been applying since first year. Back then I'd at least get a few interviews per 100 apps. Now? I think I have my best resume yet, with a direction. Al","Hey Notnicejitt — saw your post about Fourth year, no internships, hundreds of apps, zero intervie. This is a problem AXON is built to solve: AI outreach that finds the right leads and sends personalised messages that actually get replies. Launching in 2 weeks with 40% off for 20 founding members. What does your current customer acquisition look like?","pending","2026-03-14"
"Notnicejitt","reddit","https://www.reddit.com/r/EngineeringResumes/comments/1rsujtj/student_fourth_year_no_internships_hundreds_of","Hey Guys,   Honestly feeling lost here. About to delay graduation because I cannot land anything.   Been applying since first year. Back then I'd at least get a few interviews per 100 apps. Now? I think I have my best resume yet, with a direction. Al","Hey Notnicejitt — saw your post about [Student] Fourth year, no internships, hundreds of apps, zer. This is a problem AXON is built to solve: AI outreach that finds the right leads and sends personalised messages that actually get replies. Launching in 2 weeks with 40% off for 20 founding members. What does your current customer acquisition look like?","pending","2026-03-14"
"Plastic_Drawing_4070","reddit","https://www.reddit.com/r/GRFPApps/comments/1rsuiby/grfp_chances","Hi everyone! I’m an aerospace engineering major graduating this May with a Bachelor of Science degree. I applied for the 2025–2026 cycle with a proposed research topic in engineering, focusing on applied materials science.   I currently have a cumula","Hey Plastic_Drawing_4070 — saw your post about GRFP Chances. This is a problem AXON is built to solve: AI outreach that finds the right leads and sends personalised messages that actually get replies. Launching in 2 weeks with 40% off for 20 founding members. What does your current customer acquisition look like?","pending","2026-03-14"
"livrelivrel","reddit","https://www.reddit.com/r/resumes/comments/1rsuee6/0yoe_studentunemployed_marketing_us","3rd year college student trying to get a summer internship in marketing.    Any advice/suggestions would be helpful, thank you!     &#32; submitted by &#32;   /u/livrelivrel   &#32; to &#32;   r/resumes       [link]   &#32;   [comments]","Hey livrelivrel — saw your post about [0YOE, Student/Unemployed, Marketing, US]. This is a problem AXON is built to solve: AI outreach that finds the right leads and sends personalised messages that actually get replies. Launching in 2 weeks with 40% off for 20 founding members. What does your current customer acquisition look like?","pending","2026-03-14"
"thegodarcos","reddit","https://www.reddit.com/r/OnlineIncomeHustle/comments/1rsua4k/hiring_female_ugc_creator","'Please Read Through All The Requirements Carefully Before Applying'     We're Looking for a Face For    Prosp.ai    🎥    At  Prosp.ai , we're building the go-to YouTube channel for LinkedIn outreach and AI-powered sales and we're looking for the per","Hey thegodarcos — saw your post about HIRING FEMALE UGC CREATOR. This is a problem AXON is built to solve: AI outreach that finds the right leads and sends personalised messages that actually get replies. Launching in 2 weeks with 40% off for 20 founding members. What does your current customer acquisition look like?","pending","2026-03-14"
"thegodarcos","reddit","https://www.reddit.com/r/DigitalIncomePath/comments/1rsu53w/hiring_female_ugc_creator","'Please Read Through All The Requirements Carefully Before Applying'     We're Looking for a Face For    Prosp.ai    🎥    At  Prosp.ai , we're building the go-to YouTube channel for LinkedIn outreach and AI-powered sales and we're looking for the per","Hey thegodarcos — saw your post about Hiring Female UGC Creator. This is a problem AXON is built to solve: AI outreach that finds the right leads and sends personalised messages that actually get replies. Launching in 2 weeks with 40% off for 20 founding members. What does your current customer acquisition look like?","pending","2026-03-14"
"Odd-Consequence1221","reddit","https://www.reddit.com/r/GrowthHacking/comments/1rsu472/how_i_got_oravoai_to_100_mrr_using_only_reddit","Sharing this because I see a lot of founders asking how to grow without a budget. Here's what actually worked for me.   Context: I built  Oravo.ai  — a voice productivity tool (voice typing, voice notes, meeting recorder + AI summaries). Just hit 100","Hey Odd-Consequence1221 — saw your post about How I got Oravo.ai to 100 MRR using only Reddit and zero pai. This is a problem AXON is built to solve: AI outreach that finds the right leads and sends personalised messages that actually get replies. Launching in 2 weeks with 40% off for 20 founding members. What does your current customer acquisition look like?","pending","2026-03-14"
"Jolly-County910","reddit","https://www.reddit.com/r/techsales/comments/1rsu151/anyone_use_mirror_profiles_for_linkedin_outreach","Anyone use them? or does anyone have good linkedin outreach strats? Like send autoamted converstation starters... not just pitches?     &#32; submitted by &#32;   /u/Jolly-County910   &#32; to &#32;   r/techsales       [link]   &#32;   [comments]","Hey Jolly-County910 — saw your post about Anyone use mirror profiles for linkedin outreach? just cance. This is a problem AXON is built to solve: AI outreach that finds the right leads and sends personalised messages that actually get replies. Launching in 2 weeks with 40% off for 20 founding members. What does your current customer acquisition look like?","pending","2026-03-14"
"Top-Needleworker410","reddit","https://www.reddit.com/r/PubTips/comments/1rstzid/discussion_when_do_things_start_happening_in_the","I debut in 2.5 months and I'm a little surprised by how quiet it is right now. I'm mostly fine with the long stretches of silence in publishing and simply focus on my day job or a new project but the quiet this close to debuting feels a bit...uncanny","Hey Top-Needleworker410 — saw your post about [Discussion] When do things start 'happening' in the months . This is a problem AXON is built to solve: AI outreach that finds the right leads and sends personalised messages that actually get replies. Launching in 2 weeks with 40% off for 20 founding members. What does your current customer acquisition look like?","pending","2026-03-14"
"Turbulent_Trade9632","reddit","https://www.reddit.com/r/SaaSMarketing/comments/1rstijx/i_asked_a_simple_question_on_a_demo_call_how_do","Something interesting happened while testing our SaaS today.   We’re building Walego.co, an AI tool that finds relevant prospects on LinkedIn and writes personalized outreach messages based on their profile and company context.   This morning I was o","Hey Turbulent_Trade9632 — saw your post about I asked a simple question on a demo call: “How do you find L. This is a problem AXON is built to solve: AI outreach that finds the right leads and sends personalised messages that actually get replies. Launching in 2 weeks with 40% off for 20 founding members. What does your current customer acquisition look like?","pending","2026-03-14"
"castfox24","reddit","https://www.reddit.com/r/podcasting/comments/1rstb2i/what_metrics_do_you_look_at_before_pitching","I've been doing podcast outreach for a few months and I'm trying to get better at qualifying shows before I reach out. Right now I check:     How recently they published (are they still active?)   Episode count (established vs. brand new)   Whether t","Hey castfox24 — saw your post about What metrics do you look at before pitching yourself as a gu. This is a problem AXON is built to solve: AI outreach that finds the right leads and sends personalised messages that actually get replies. Launching in 2 weeks with 40% off for 20 founding members. What does your current customer acquisition look like?","pending","2026-03-14"
"kuwukie","reddit","https://www.reddit.com/r/Libraries/comments/1rst05i/seeking_advice_between_two_potential_jobs","Hello! I am a graduating MSLIS student this semester. I've been going through the job search. I haven't been made any formal job offers yet, but I figured I would ask for input in advance for these 2 specific jobs and just in general, thinking about ","Hey kuwukie — saw your post about Seeking advice between two potential jobs. This is a problem AXON is built to solve: AI outreach that finds the right leads and sends personalised messages that actually get replies. Launching in 2 weeks with 40% off for 20 founding members. What does your current customer acquisition look like?","pending","2026-03-14"
"Deep-Audience9924","reddit","https://www.reddit.com/r/microsaas/comments/1rsstwe/my_own_tool_automated_marketing_for_itself_and","Built a tool to automate all the repetitive business tasks securely &amp; forever and the best part is the fact that it's not $200/month like others, its $20/month.   I was spending hours every week manually posting on Reddit, Hacker News, Twitter, a","Hey Deep-Audience9924 — saw your post about My own tool automated marketing for itself and got us 100 ne. This is a problem AXON is built to solve: AI outreach that finds the right leads and sends personalised messages that actually get replies. Launching in 2 weeks with 40% off for 20 founding members. What does your current customer acquisition look like?","pending","2026-03-14"
"NewPineapple113","reddit","https://www.reddit.com/r/PartneredYoutube/comments/1rssoje/whats_your_deal_breaker_when_being_scouted_by_an","I’ve been getting a lot of outreach from MCNs lately promising &quot;global growth&quot; and &quot;advanced Rights Management.&quot;   Back in the day, everyone said &quot;never join an MCN,&quot; but with the way Content ID and international tax law","Hey NewPineapple113 — saw your post about What’s your deal breaker when being scouted by an MCN?. This is a problem AXON is built to solve: AI outreach that finds the right leads and sends personalised messages that actually get replies. Launching in 2 weeks with 40% off for 20 founding members. What does your current customer acquisition look like?","pending","2026-03-14"
"DPSTechs","reddit","https://www.reddit.com/r/Netsuite/comments/1rssg8e/membership_crm_in_netsuite_how_we_run_the_full","When people think “CRM,” they think pipeline. But for membership orgs, the real CRM engine is the member lifecycle.   Here’s a practical way to run membership operations in NetSuite:   1) Register members (intake + data quality)     Capture member pr","Hey DPSTechs — saw your post about Membership CRM in NetSuite: how we run the full member lifec. This is a problem AXON is built to solve: AI outreach that finds the right leads and sends personalised messages that actually get replies. Launching in 2 weeks with 40% off for 20 founding members. What does your current customer acquisition look like?","pending","2026-03-14"
"Knowledge_seeker168","reddit","https://www.reddit.com/r/PakistanMentoringClub/comments/1rssamf/remote_virtual_assistant_available","Hello everyone,   I am a  27-year-old Virtual Assistant  with solid experience working with  Pakistan and international clients . I am currently looking for a  remote job opportunity  where I can contribute my skills and support business growth.    M","Hey Knowledge_seeker168 — noticed your post about Remote Virtual Assistant Available. Lead gen being this hard usually means the top-of-funnel is broken — wrong list, generic message, or both. AXON fixes both: it finds verified leads in your ICP and writes personalised outreach for each one. Launching in 2 weeks, 40% off for 20 founding members. What does your ICP look like?","pending","2026-03-14"
"Classic-Direction930","reddit","https://www.reddit.com/r/chanceme/comments/1rss619/cooked_or_cooking","Hi everyone, I’m an international student applying for Mechanical Engineering and wanted an honest evaluation of my profile.   Demographics Country: India School: Private CBSE school Intended Major: Mechanical Engineering / Aerospace Engineering Need","Hey Classic-Direction930 — saw your post about Cooked or cooking ?. This is a problem AXON is built to solve: AI outreach that finds the right leads and sends personalised messages that actually get replies. Launching in 2 weeks with 40% off for 20 founding members. What does your current customer acquisition look like?","pending","2026-03-14"
"yuvraj__jha","reddit","https://www.reddit.com/r/apps/comments/1rss5sz/looking_to_help_businesses_generate_app","Hey everyone,   I’ve been working in the app development space and recently started experimenting with using AI systems to generate qualified leads for app development services. The idea is to automate parts of the process like identifying potential ","Hey yuvraj__jha — saw your post about Looking to help businesses generate app development leads us. This is a problem AXON is built to solve: AI outreach that finds the right leads and sends personalised messages that actually get replies. Launching in 2 weeks with 40% off for 20 founding members. What does your current customer acquisition look like?","pending","2026-03-14"
"jobsaddaa","reddit","https://www.reddit.com/r/JobsAddaa/comments/1rss4nn/lenovo_off_campus_2026_hiring_fresher_for_junior","![Lenovo Off Campus 2026 Hiring Fresher For Junior Talent Source](undefined)   Hi all, Welcome to Jobs Addaa. Here you would get all fresher jobs updates for engineering graduates related to IT/Core sector.   Lenovo Off Campus 2026 Hiring Fresher For","Hey jobsaddaa — saw your post about Lenovo Off Campus 2026 Hiring Fresher For Junior Talent Sour. This is a problem AXON is built to solve: AI outreach that finds the right leads and sends personalised messages that actually get replies. Launching in 2 weeks with 40% off for 20 founding members. What does your current customer acquisition look like?","pending","2026-03-14"
"B3N0U","reddit","https://www.reddit.com/r/openclaw/comments/1rss4ax/things_i_wish_someone_told_me_before_i_tried_to","I spent three weeks trying to get OpenClaw to do LinkedIn outreach properly. Almost gave up twice. Here's everything I learned the hard way.    The obvious approach doesn't work    First instinct: give the agent browser access, let it navigate Linked","Hey B3N0U — saw your post about Things I wish someone told me before I tried to automate Lin. This is a problem AXON is built to solve: AI outreach that finds the right leads and sends personalised messages that actually get replies. Launching in 2 weeks with 40% off for 20 founding members. What does your current customer acquisition look like?","pending","2026-03-14"
"ConstantLake1397","reddit","https://www.reddit.com/r/cofounderhunt/comments/1rss2wm/looking_for_a_cofounder_for_marketing_agency","Hi guys, I’m restarting my marketing agency. I already have a few experienced copywriters on board, SOPs, and expertise in offers and positioning.   I’m looking for a   co-founder   who can:     Handle outreach and generate leads   Make calls and sel","Hey ConstantLake1397 — saw your post about looking for a co-founder for marketing agency. This is a problem AXON is built to solve: AI outreach that finds the right leads and sends personalised messages that actually get replies. Launching in 2 weeks with 40% off for 20 founding members. What does your current customer acquisition look like?","pending","2026-03-14"
"PracticeClassic1153","reddit","https://www.reddit.com/r/buildinpublic/comments/1rss1ig/secret_way_to_use_openclaw_to_find_customers_for","It's finally here.    Paste your website and it builds your outbound pipeline automatically.   I tried it this morning.   From one URL, it:   → mapped my ideal customer profile → found 47 companies with buying signals → researched each account automa","Hey PracticeClassic1153 — saw your post about Secret way to use Openclaw to find customers for $0.10 only . This is a problem AXON is built to solve: AI outreach that finds the right leads and sends personalised messages that actually get replies. Launching in 2 weeks with 40% off for 20 founding members. What does your current customer acquisition look like?","pending","2026-03-14"
"Marts_Wynn","reddit","https://www.reddit.com/r/alphaandbetausers/comments/1rsrydq/looking_for_early_testers_for_an_aipowered","I’m currently looking for a few people interested in testing a project I’ve been building. The platform is called Alsona and it focuses on automating LinkedIn outreach using AI agents. The tool helps with: • finding prospects • generating outreach me","Hey Marts_Wynn — saw your post about Looking for early testers for an AI-powered outreach platfor. This is a problem AXON is built to solve: AI outreach that finds the right leads and sends personalised messages that actually get replies. Launching in 2 weeks with 40% off for 20 founding members. What does your current customer acquisition look like?","pending","2026-03-14"
"balubala1","reddit","https://www.reddit.com/r/LaunchMyStartup/comments/1rsrxdb/i_crossed_1k_mrr","We found early users through cold outreach on LinkedIn and have now redone  our landing page  for our hard launch. What is the one thing you would improve on it?     &#32; submitted by &#32;   /u/balubala1   &#32; to &#32;   r/LaunchMyStartup       [","Hey balubala1 — saw your post about I crossed 1k MRR !!!. This is a problem AXON is built to solve: AI outreach that finds the right leads and sends personalised messages that actually get replies. Launching in 2 weeks with 40% off for 20 founding members. What does your current customer acquisition look like?","pending","2026-03-14"
"Sea-Stay9456","reddit","https://www.reddit.com/r/Epstein/comments/1rsrtl9/jee_building_bridges","&quot;Image sources: Google Street View/Gemini, Eddie Watson     unsplash.com    &quot;       An analysis of criminal intent and the use of coercive leverage. This timeline identifies how situational pressures were exploited to secure compliance and ","Hey Sea-Stay9456 — saw your post about Jee ""Building Bridges"". This is a problem AXON is built to solve: AI outreach that finds the right leads and sends personalised messages that actually get replies. Launching in 2 weeks with 40% off for 20 founding members. What does your current customer acquisition look like?","pending","2026-03-14"
"Ganesh_106","reddit","https://www.reddit.com/r/AiForSmallBusiness/comments/1rsrt0w/sometimes_frustration_is_the_start_of_an_idea","Shameless plug here. I’ve been building a tool called Alsona, which is designed to automate LinkedIn outreach using AI agents. Instead of manually searching for leads and writing every message, the platform helps with prospecting, outreach, and follo","Hey Ganesh_106 — saw your post about Sometimes frustration is the start of an idea. This is a problem AXON is built to solve: AI outreach that finds the right leads and sends personalised messages that actually get replies. Launching in 2 weeks with 40% off for 20 founding members. What does your current customer acquisition look like?","pending","2026-03-14"
"d4diaz","reddit","https://www.reddit.com/r/JobVacanciesIreland/comments/1rsrij4/registered_advanced_nurse_practitioner_critical","&#32; submitted by &#32;   /u/d4diaz   &#32; to &#32;   r/JobVacanciesIreland       [link]   &#32;   [comments]","Hey d4diaz — saw your post about Registered Advanced Nurse Practitioner (Critical Care Outrea. This is a problem AXON is built to solve: AI outreach that finds the right leads and sends personalised messages that actually get replies. Launching in 2 weeks with 40% off for 20 founding members. What does your current customer acquisition look like?","pending","2026-03-14"
"amebaboys","reddit","https://www.reddit.com/r/RentalBacklinks/comments/1rsricn/welcome_to_the_rental_backlinks_community_fellow","Hi everyone,   My name is  Matthew Debono . I’m an  outreach SEO specialist  with a strong passion for search engines, link building, and the practical side of organic growth. I currently work with  RentalBacklinks.com , but this community is not mea","Hey amebaboys — saw your post about Welcome to the Rental Backlinks community fellow SEOs!. This is a problem AXON is built to solve: AI outreach that finds the right leads and sends personalised messages that actually get replies. Launching in 2 weeks with 40% off for 20 founding members. What does your current customer acquisition look like?","pending","2026-03-14"
"Novel-Ad-3071","reddit","https://www.reddit.com/r/AskMarketing/comments/1rsr7xm/mauritiusbased_startup_here_whats_the_best_way_to","Hey everyone,   We’re a small startup based in Mauritius focused on AI, automation, and digital growth services (strategy, integrations, and scalable systems). We’ve worked with a few regional clients and now want to expand into the US, Canada, and E","Hey Novel-Ad-3071 — saw your post about Mauritius-based startup here 🇲🇺 — what’s the best way to lan. This is a problem AXON is built to solve: AI outreach that finds the right leads and sends personalised messages that actually get replies. Launching in 2 weeks with 40% off for 20 founding members. What does your current customer acquisition look like?","pending","2026-03-14"
"aviral-bhutani","reddit","https://www.reddit.com/r/SaaS/comments/1rsr2m1/most_businesses_are_using_ai_the_wrong_way","i’ve been asking a lot of founders and business owners lately how they’re using AI in their day to day work.   most of the answers are pretty similar.   usually something like “yeah we use chatgpt sometimes” or “we use it to write emails or posts”.  ","Hey aviral-bhutani — saw your post about Most businesses are using AI the wrong way. This is a problem AXON is built to solve: AI outreach that finds the right leads and sends personalised messages that actually get replies. Launching in 2 weeks with 40% off for 20 founding members. What does your current customer acquisition look like?","pending","2026-03-14"
"Turbulent_Trade9632","reddit","https://www.reddit.com/r/AI_Sales/comments/1rsqv87/did_you_actually_read_my_profile_a_prospects","&#32; submitted by &#32;   /u/Turbulent_Trade9632   &#32; to &#32;   r/AI_Sales       [link]   &#32;   [comments]","Hey Turbulent_Trade9632 — saw your post about “Did you actually read my profile?” — a prospect’s reaction . This is a problem AXON is built to solve: AI outreach that finds the right leads and sends personalised messages that actually get replies. Launching in 2 weeks with 40% off for 20 founding members. What does your current customer acquisition look like?","pending","2026-03-14"
"imabearletscuddle","reddit","https://www.reddit.com/r/singleph/comments/1rsqu26/33_f4m_lf_lambing_matcha_buddy_and_kachikahan_g","🔶About Me:🔶   ▪️Plus size (as my username suggests 😅)   ▪️5ft Fil-Chinese   ▪️Big 3 (it matters ata here 😅)   ▪️Post-grad, holds 2 PRC licenses   ▪️NBSB / Virgin - No pervs pls   ▪️CSO/NGO and outreach advocate   ▪️Car enthusiast (active sa clubs)   ","Hey imabearletscuddle — saw your post about 33 [F4M] LF: lambing, matcha buddy and ka-chikahan, G?. This is a problem AXON is built to solve: AI outreach that finds the right leads and sends personalised messages that actually get replies. Launching in 2 weeks with 40% off for 20 founding members. What does your current customer acquisition look like?","pending","2026-03-14"
"Turbulent_Trade9632","reddit","https://www.reddit.com/r/buildinpublic/comments/1rsqtby/did_you_actually_read_my_profile_a_prospects","&#32; submitted by &#32;   /u/Turbulent_Trade9632   &#32; to &#32;   r/buildinpublic       [link]   &#32;   [comments]","Hey Turbulent_Trade9632 — saw your post about “Did you actually read my profile?” — a prospect’s reaction . This is a problem AXON is built to solve: AI outreach that finds the right leads and sends personalised messages that actually get replies. Launching in 2 weeks with 40% off for 20 founding members. What does your current customer acquisition look like?","pending","2026-03-14"
"Turbulent_Trade9632","reddit","https://www.reddit.com/r/SaaS/comments/1rsqs2o/did_you_actually_read_my_profile_a_prospects","&#32; submitted by &#32;   /u/Turbulent_Trade9632       [link]   &#32;   [comments]","Hey Turbulent_Trade9632 — saw your post about “Did you actually read my profile?” — a prospect’s reaction . This is a problem AXON is built to solve: AI outreach that finds the right leads and sends personalised messages that actually get replies. Launching in 2 weeks with 40% off for 20 founding members. What does your current customer acquisition look like?","pending","2026-03-14"
"Turbulent_Trade9632","reddit","https://www.reddit.com/r/AiAutomations/comments/1rsqrs6/did_you_actually_read_my_profile_a_prospects","&#32; submitted by &#32;   /u/Turbulent_Trade9632   &#32; to &#32;   r/AiAutomations       [link]   &#32;   [comments]","Hey Turbulent_Trade9632 — saw your post about “Did you actually read my profile?” — a prospect’s reaction . This is a problem AXON is built to solve: AI outreach that finds the right leads and sends personalised messages that actually get replies. Launching in 2 weeks with 40% off for 20 founding members. What does your current customer acquisition look like?","pending","2026-03-14"
"Prker_S_James","reddit","https://www.reddit.com/r/PubTips/comments/1rsqqoa/pubq_how_do_i_represent_my_past_writingagented","Hello all,   I recently have jumped back into trying to get an agent after a bit of a hiatus. I have a couple of questions related to representing my previous agented experiences and published works. The reason I'm asking is....I've gotten the sense ","Hey Prker_S_James — saw your post about [PubQ] How do I represent my past writing/agented experience. This is a problem AXON is built to solve: AI outreach that finds the right leads and sends personalised messages that actually get replies. Launching in 2 weeks with 40% off for 20 founding members. What does your current customer acquisition look like?","pending","2026-03-14"
"Turbulent_Trade9632","reddit","https://www.reddit.com/r/AI_Agents/comments/1rsqpx3/did_you_actually_read_my_profile_a_prospects","Hi! Yesterday something strange happened.   We run a small SaaS   It’s an AI tool that sends highly personalized LinkedIn messages by analyzing each person’s profile.   Not the usual “Hi {{firstName}} I saw you work at {{company}}” stuff.   The AI ac","Hey Turbulent_Trade9632 — saw your post about “Did you actually read my profile?” — a prospect’s reaction . This is a problem AXON is built to solve: AI outreach that finds the right leads and sends personalised messages that actually get replies. Launching in 2 weeks with 40% off for 20 founding members. What does your current customer acquisition look like?","pending","2026-03-14"
"EmptyLecture4000","reddit","https://www.reddit.com/r/slavelabour/comments/1rsqld1/offer_ill_build_you_a_targeted_linkedin_lead_list","I'll build you a targeted LinkedIn lead list (500 qualified prospects)   I use LinkedIn Sales Navigator + data tools to build custom lead lists based on your exact criteria:   - Job titles you want to target   - Industries   - Company size   - Locati","Hey EmptyLecture4000 — saw your post about [offer] I'll build you a targeted LinkedIn lead list (500 qu. This is a problem AXON is built to solve: AI outreach that finds the right leads and sends personalised messages that actually get replies. Launching in 2 weeks with 40% off for 20 founding members. What does your current customer acquisition look like?","pending","2026-03-14"
"mochiithingz","reddit","https://www.reddit.com/r/buhaydigital/comments/1rsqhtm/question_regarding_flexible_work_hours","Hello! So I have a job offer hourly paid based sa hours na ilo-log ko mismo. Flexible yung oras, basta natapos yung deliverables for the week. Yung tasks medyo marami pa, graphic design, campaign management, outreach, landing pages, etc.   So ask ko ","Hey mochiithingz — saw your post about Question Regarding Flexible Work Hours. This is a problem AXON is built to solve: AI outreach that finds the right leads and sends personalised messages that actually get replies. Launching in 2 weeks with 40% off for 20 founding members. What does your current customer acquisition look like?","pending","2026-03-14"
"gregb_parkingaccess","reddit","https://www.reddit.com/r/ClaudeAI/comments/1rsqbbf/ride_the_last30days_29_wave","i've been building on /last30days for months. Just shipped a Mac app that wraps it into a proper research + sales intel product.   two modes: type any topic → get an analyst brief with dominant narrative, patterns, and strategic implications.   Type ","Hey gregb_parkingaccess — saw your post about Ride the /last30days 2.9 wave. This is a problem AXON is built to solve: AI outreach that finds the right leads and sends personalised messages that actually get replies. Launching in 2 weeks with 40% off for 20 founding members. What does your current customer acquisition look like?","pending","2026-03-14"
"Throwaway33377","reddit","https://www.reddit.com/r/ProductManagementJobs/comments/1rsqadx/product_question_balancing_automation_vs","I’ve been building a SaaS product called Alsona, which focuses on AI-powered LinkedIn outreach. The main idea is to automate tasks like prospecting and follow-up messaging. From a product perspective, one challenge I keep running into is balancing au","Hey Throwaway33377 — saw your post about Product question: balancing automation vs authenticity in ou. This is a problem AXON is built to solve: AI outreach that finds the right leads and sends personalised messages that actually get replies. Launching in 2 weeks with 40% off for 20 founding members. What does your current customer acquisition look like?","pending","2026-03-14"
"Valuable-Tie2322","reddit","https://www.reddit.com/r/u_Valuable-Tie2322/comments/1rsq0yi/most_people_use_chatgpt_like_google_ask_question","But with Agent Mode (available in Plus/Pro), it becomes something else entirely. It can browse the web, fill forms, run code, and do actual work while you sleep.   Here are 7 agents I actually use that save me 40+ hours weekly. Plus instructions so y","Hey Valuable-Tie2322 — saw your post about Most people use ChatGPT like Google. Ask question, get answe. This is a problem AXON is built to solve: AI outreach that finds the right leads and sends personalised messages that actually get replies. Launching in 2 weeks with 40% off for 20 founding members. What does your current customer acquisition look like?","pending","2026-03-14"
"Asistente_Personal","reddit","https://www.reddit.com/r/VirtualAssistant/comments/1rsq0fs/for_hire_virtual_assistant_5_hour","I’m an experienced Virtual Assistant who helps small businesses and entrepreneurs save time and scale faster. I handle day-to-day operations so you can focus on growth.    What I do (fast, reliable, results-driven) :   Administrative support &amp; da","Hey Asistente_Personal — saw your post about [For Hire] Virtual Assistant $5 / hour. This is a problem AXON is built to solve: AI outreach that finds the right leads and sends personalised messages that actually get replies. Launching in 2 weeks with 40% off for 20 founding members. What does your current customer acquisition look like?","pending","2026-03-14"
"LuckyLuckierLuckest","reddit","https://www.reddit.com/r/FRMI/comments/1rspthq/worlds_largest_private_grid_fermi_america_to_file","PR NEWSWIRE 9:25 AM ET Mar-13-2026      New Permit to be Filed Within Weeks of the Site's First 6GW Clean Air Permit Approval   Signals Project Matador's Plans for 17GW of Total Campus Power, Making It Largest in the World   Adding additional high-pa","Hey LuckyLuckierLuckest — saw your post about World's Largest Private Grid, Fermi America™ to File Additio. This is a problem AXON is built to solve: AI outreach that finds the right leads and sends personalised messages that actually get replies. Launching in 2 weeks with 40% off for 20 founding members. What does your current customer acquisition look like?","pending","2026-03-14"
"AutoNewspaperAdmin","reddit","https://www.reddit.com/r/AutoNewspaper/comments/1rsprmy/in_rss_plans_shakha_expansion_wider_outreach_to","&#32; submitted by &#32;   /u/AutoNewspaperAdmin   &#32; to &#32;   r/AutoNewspaper       [link]   &#32;   [comments]","Hey AutoNewspaperAdmin — saw your post about [IN] - RSS plans shakha expansion, wider outreach to mark ce. This is a problem AXON is built to solve: AI outreach that finds the right leads and sends personalised messages that actually get replies. Launching in 2 weeks with 40% off for 20 founding members. What does your current customer acquisition look like?","pending","2026-03-14"
"Severe-Material7198","reddit","https://www.reddit.com/r/passive_income/comments/1rspple/why_a_lame_or_boring_business_makes_10k_monthly","Most people when starting a business tend to focus on the more prestigious or premium ones, a Saas, high end agency, consulting etc. things that you can brag about.   This comes with a few issues &amp; you often spend a significant amount of time on ","Hey Severe-Material7198 — saw your post about Why a lame or boring business makes $10k+ monthly while ""pre. This is a problem AXON is built to solve: AI outreach that finds the right leads and sends personalised messages that actually get replies. Launching in 2 weeks with 40% off for 20 founding members. What does your current customer acquisition look like?","pending","2026-03-14"
"SiCiCoin","reddit","https://www.reddit.com/r/SiCierto/comments/1rsporn/question_from_x_from_jason_an_electrician_and_a","Question from X from Jason an electrician and a crypto and blockchain enthusiast from Delaware   Lukas Schmitt (Developer):    Discussion Question:  What strategy supports formative assessment feedback aligned to rubrics used by teachers in class?   ","Hey SiCiCoin — saw your post about Question from X from Jason an electrician and a crypto and b. This is a problem AXON is built to solve: AI outreach that finds the right leads and sends personalised messages that actually get replies. Launching in 2 weeks with 40% off for 20 founding members. What does your current customer acquisition look like?","pending","2026-03-14"
"AutoNewsAdmin","reddit","https://www.reddit.com/r/TIMESINDIAauto/comments/1rspjnc/in_rss_plans_shakha_expansion_wider_outreach_to","&#32; submitted by &#32;   /u/AutoNewsAdmin   &#32; to &#32;   r/TIMESINDIAauto       [link]   &#32;   [comments]","Hey AutoNewsAdmin — saw your post about [IN] - RSS plans shakha expansion, wider outreach to mark ce. This is a problem AXON is built to solve: AI outreach that finds the right leads and sends personalised messages that actually get replies. Launching in 2 weeks with 40% off for 20 founding members. What does your current customer acquisition look like?","pending","2026-03-14"
"LevelDisastrous945","reddit","https://www.reddit.com/r/agenticsales/comments/1rspbmj/we_hit_quota_last_quarter_doing_outbound_the","we hit 108% of quota last quarter running outbound basically the same way we have since 2024. manual prospecting in LinkedIn Sales Nav, sequences in Outreach, SDR team doing follow-ups. it works and the numbers don't lie.    but I keep hearing from o","Hey LevelDisastrous945 — saw your post about We hit quota last quarter doing outbound the old-fashioned w. This is a problem AXON is built to solve: AI outreach that finds the right leads and sends personalised messages that actually get replies. Launching in 2 weeks with 40% off for 20 founding members. What does your current customer acquisition look like?","pending","2026-03-14"
"Open-Examination7302","reddit","https://www.reddit.com/r/microsaas/comments/1rsp9bu/how_i_started_booking_more_meetings_on_linkedin","A few months ago I was struggling to keep up with LinkedIn outreach. I did send connection requests follow up, and try to keep track of replies but no matter what I did it felt like I was running in circles. Most of my day was eaten up by admin work ","Hey Open-Examination7302 — read your post about How I Started Booking More Meetings on LinkedIn Without Burn. Distribution is the hardest part of early SaaS — most builders are great at product and terrible at outbound. AXON handles the outbound side: verified leads, AI-personalised emails, automated follow-ups. Launching in 2 weeks with 20 founding spots at 40% off. Have you tried cold outreach yet or been focused on inbound?","pending","2026-03-14"
"nani_from_clura_ai","reddit","https://www.reddit.com/r/sideprojects/comments/1rsp8h1/i_built_a_chrome_extension_that_scrapes_and","Like a lot of founders and indie hackers, I often need lists of businesses for outreach or market research.   Things like:     recruiting agencies in a city   restaurants in a region   agencies in a niche     But collecting this data from Google Maps","Hey nani_from_clura_ai — saw your post about I built a Chrome extension that scrapes and extracts structu. This is a problem AXON is built to solve: AI outreach that finds the right leads and sends personalised messages that actually get replies. Launching in 2 weeks with 40% off for 20 founding members. What does your current customer acquisition look like?","pending","2026-03-14"
"Gy-190408","reddit","https://www.reddit.com/r/B2BForHire/comments/1rsp6cu/hiring_business_developmentsales_representatives","Hey folks - we are hiring at Yardstick!   We’re looking to connect with Business Development(Sales) Representatives who are excited about enterprise sales, relationship building, and scaling early-stage products.   What you will be working on:     Id","Hey Gy-190408 — saw your post about [Hiring] Business Development(Sales) Representatives. This is a problem AXON is built to solve: AI outreach that finds the right leads and sends personalised messages that actually get replies. Launching in 2 weeks with 40% off for 20 founding members. What does your current customer acquisition look like?","pending","2026-03-14"
"Saqib-s","reddit","https://www.reddit.com/r/AZURE/comments/1rsvz9f/azure_vpn_client_failing_element_not_found_custom","I've raised a support req for this but wanted to see if anyone else has had this problem.   We have Azure VPN Gateway setup with Point to Site Connections, using the  Custom audience , our our app id,  with Entra login  + MFA on Windows Azure VPN Cli","Hey Saqib-s — saw your post about Azure VPN Client Failing - Element not found - Custom Audien. This is a problem AXON is built to solve: AI outreach that finds the right leads and sends personalised messages that actually get replies. Launching in 2 weeks with 40% off for 20 founding members. What does your current customer acquisition look like?","pending","2026-03-14"
"Able_Manufacturer290","reddit","https://www.reddit.com/r/consulting/comments/1rsvxhx/rfp_requests_an_offputting_solution_bid_and","Got an RFP today from a past client. Software project. They did not follow my advice the first time around and they now have an awkward problem they need to resolve. I don’t begrudge that they didn’t follow my advice the first time. It happens. But t","Hey Able_Manufacturer290 — saw your post about RFP requests an offputting solution - bid and propose someth. This is a problem AXON is built to solve: AI outreach that finds the right leads and sends personalised messages that actually get replies. Launching in 2 weeks with 40% off for 20 founding members. What does your current customer acquisition look like?","pending","2026-03-14"
"CrookedM4n","reddit","https://www.reddit.com/r/LoLTechSupport/comments/1rsvvrp/conversation_with_riot_support_that_would_be","This post has been removed from  r/leagueoflegends  by moderators. I have not been reached out for a reason, so I am posting it here. Dear moderators I will find new and new subreddits until this post is seen. As far as I'm aware the logs do not cont","Hey CrookedM4n — saw your post about Conversation with Riot support that would be hilarious if I . This is a problem AXON is built to solve: AI outreach that finds the right leads and sends personalised messages that actually get replies. Launching in 2 weeks with 40% off for 20 founding members. What does your current customer acquisition look like?","pending","2026-03-14"
"sang_42","reddit","https://www.reddit.com/r/OccupationalTherapy/comments/1rsvv9p/desperately_want_out","I am an OT currently working in MVA/medical legal and if I’m honest, I hate a lot of it. Too much writing, too much thinking, too many clients taking out their anger and frustrations on me, too much admin work, and too many parties wanting urgent and","Hey sang_42 — saw your post about desperately want out. This is a problem AXON is built to solve: AI outreach that finds the right leads and sends personalised messages that actually get replies. Launching in 2 weeks with 40% off for 20 founding members. What does your current customer acquisition look like?","pending","2026-03-14"
"lancelake_","reddit","https://www.reddit.com/r/WorkAdvice/comments/1rsvp7m/overworked_and_undervalued","I gotta vent because I'm just sitting around fuming. My boss (small family company) is the most disorganized, hypocritical, and paranoid boss I've ever had. She puts an insane workload on me, asking me to write proposals, draft line budgets, and liai","Hey lancelake_ — saw your post about Overworked and undervalued. This is a problem AXON is built to solve: AI outreach that finds the right leads and sends personalised messages that actually get replies. Launching in 2 weeks with 40% off for 20 founding members. What does your current customer acquisition look like?","pending","2026-03-14"
"Status-Artichoke-755","reddit","https://www.reddit.com/r/antiwork/comments/1rsvnk7/friendly_reminder_you_are_a_transaction_not_a","Part of my job was building an integration with a third party system. A salesman from the company called me assuming I was a lead, and I explained that I was just building something for a customer, not actually using the product myself.   The guy kep","Hey Status-Artichoke-755 — saw your post about Friendly reminder - you are a transaction, not a person. This is a problem AXON is built to solve: AI outreach that finds the right leads and sends personalised messages that actually get replies. Launching in 2 weeks with 40% off for 20 founding members. What does your current customer acquisition look like?","pending","2026-03-14"
"Ayu_Bae","reddit","https://www.reddit.com/r/AmItheAsshole/comments/1rsvlmq/aita_am_i_a_bad_girl_for_not_telling_my_mother","So I live in Japan with my family – mom (she's actually a fairly big actress here), grandma, and my three sisters. We're pretty well-off, like upper class vibes, and honestly super open-minded. No drama about sex, money, whatever – we talk about ever","Hey Ayu_Bae — saw your post about AITA Am I a bad girl for not telling my mother about my nigh. This is a problem AXON is built to solve: AI outreach that finds the right leads and sends personalised messages that actually get replies. Launching in 2 weeks with 40% off for 20 founding members. What does your current customer acquisition look like?","pending","2026-03-14"
"GiftedSoul777","reddit","https://www.reddit.com/r/TarotReading/comments/1rsvkhy/live_chat_sessions_payment_is_required_upfront","Hi there, beautiful souls, GiftedSoul here. I am a born psychic medium with 11 years of professional experience. In combination with my psychic abilities, I do utilize tools such as tarot, oracle cards, pendulum, &amp; more.    (don't have to have th","Hey GiftedSoul777 — saw your post about Live Chat Sessions - (Payment is required upfront) ✨🔮 😊 🔮💕PR. This is a problem AXON is built to solve: AI outreach that finds the right leads and sends personalised messages that actually get replies. Launching in 2 weeks with 40% off for 20 founding members. What does your current customer acquisition look like?","pending","2026-03-14"
"Mierdinsky","reddit","https://www.reddit.com/r/Beading/comments/1rsvgqe/tips_to_make_a_seed_bead_bracelet_last_for_years","I had a question that many of you here probably already have experience with.  When a client buys a bracelet like this, what recommendations do you give them so it lasts longer?  For example, whether it's better to avoid getting it wet, not wear it i","Hey Mierdinsky — saw your post about Tips to make a seed bead bracelet last for years. This is a problem AXON is built to solve: AI outreach that finds the right leads and sends personalised messages that actually get replies. Launching in 2 weeks with 40% off for 20 founding members. What does your current customer acquisition look like?","pending","2026-03-14"
"In-Hell123","reddit","https://www.reddit.com/r/MarketingHelp/comments/1rsvf1m/where_can_i_find_marketing_agencies_to_partner","Basically, I'm running a web development agency, and we do everything web design in Figma, web development (custom code), WordPress, Wix, Elementor, website hosting, domain linking, DevOps almost everything web-related.   But I’ve realized that marke","Hey In-Hell123 — saw your post about where can I find marketing agencies to partner with as a web. This is a problem AXON is built to solve: AI outreach that finds the right leads and sends personalised messages that actually get replies. Launching in 2 weeks with 40% off for 20 founding members. What does your current customer acquisition look like?","pending","2026-03-14"
"NeitherConfidence263","reddit","https://www.reddit.com/r/SideProject/comments/1rsvesp/built_a_static_ads_generator_for_d2c_and","Spent the last year frustrated by one thing — getting studio quality static ads made fast without needing a designer or becoming a prompt engineer.   Every AI image tool I tried had the same problem. The product never looked right. Labels were wrong.","Hey NeitherConfidence263 — saw your post about Built a static ads generator for D2C and Ecommerce brands - . This is a problem AXON is built to solve: AI outreach that finds the right leads and sends personalised messages that actually get replies. Launching in 2 weeks with 40% off for 20 founding members. What does your current customer acquisition look like?","pending","2026-03-14"
"Lazy_Phrase7310","reddit","https://www.reddit.com/r/InsuranceAgent/comments/1rsvc4d/isnt_being_in_insurance_sales_a_fairly_simple","I see a lot of questions on here regarding compensation, from agents that work at both captive and independent agencies.    I don’t understand why there is so much question about how much someone can make being in sales. If you believe in yourself, t","Hey Lazy_Phrase7310 — saw your post about Isnt being in insurance sales a fairly simple decision?. This is a problem AXON is built to solve: AI outreach that finds the right leads and sends personalised messages that actually get replies. Launching in 2 weeks with 40% off for 20 founding members. What does your current customer acquisition look like?","pending","2026-03-14"
"Flat-Pianist8386","reddit","https://www.reddit.com/r/StartupAccelerators/comments/1rsvc3u/built_a_tool_to_help_freelancers_evaluate_risky","I built a small tool to help freelancers evaluate project offers and avoid taking on risky work.   The idea came from noticing how often decisions are based on gut feeling — vague scope, unclear revisions, tight timelines — and how hard it can be to ","Hey Flat-Pianist8386 — saw your post about Built a tool to help freelancers evaluate risky project offe. This is a problem AXON is built to solve: AI outreach that finds the right leads and sends personalised messages that actually get replies. Launching in 2 weeks with 40% off for 20 founding members. What does your current customer acquisition look like?","pending","2026-03-14"
"griffin_julie","reddit","https://www.reddit.com/r/Julie_Griffin/comments/1rsv8my/2026_siding_warranties_key_protection_for","When it comes to Passaic County residential siding, homeowners want durability, curb appeal, and long-term value. At FM Remodeling, we deliver a full range of siding solutions designed to withstand New Jersey's climate and elevate your home's exterio","Hey griffin_julie — saw your post about 2026 Siding Warranties: Key Protection for Residential Exter. This is a problem AXON is built to solve: AI outreach that finds the right leads and sends personalised messages that actually get replies. Launching in 2 weeks with 40% off for 20 founding members. What does your current customer acquisition look like?","pending","2026-03-14"
"WideReward9194","reddit","https://www.reddit.com/r/u_WideReward9194/comments/1rsv4m4/can_i_dispute_a_salon_charge_with_my_bank_what","I had a perm done at a salon and at that salon there is only one styl doing hair.   For contex: My appointment was at 11AM and I got there 10 minutes before the appointment. Let's clarify that I have no problem waiting. the stylist was doing another ","Hey WideReward9194 — saw your post about Can I dispute a salon charge with my bank? What are the chan. This is a problem AXON is built to solve: AI outreach that finds the right leads and sends personalised messages that actually get replies. Launching in 2 weeks with 40% off for 20 founding members. What does your current customer acquisition look like?","pending","2026-03-14"
"Plus-Throat-4880","reddit","https://www.reddit.com/r/IndiaCareers/comments/1rsv2om/rant_job_hunting_as_a_java_dev_right_now_feels","I’ve been applying seriously for about a month now—100+ applications—and somehow I still haven’t gotten a single real callback. Not even one. What I do get is a flood of garbage: random ads, shady “pay us ₹3500 and we’ll get you a job in Europe” call","Hey Plus-Throat-4880 — saw your post about Rant: Job hunting as a Java dev right now feels completely b. This is a problem AXON is built to solve: AI outreach that finds the right leads and sends personalised messages that actually get replies. Launching in 2 weeks with 40% off for 20 founding members. What does your current customer acquisition look like?","pending","2026-03-14"
"MCCleaningServices28","reddit","https://www.reddit.com/r/CleaningTips/comments/1rsuz8q/cleaning_nightmare","I'm feeling down for a home cleaning that went horribly wrong. So it's a 2 story, new build home, 1,791 sq ft. I feel like I under charged them due to my cleaning business struggling and needing clients. I charged $300 for deep clean. She wanted all ","Hey MCCleaningServices28 — read your post about Cleaning nightmare. Distribution is the hardest part of early SaaS — most builders are great at product and terrible at outbound. AXON handles the outbound side: verified leads, AI-personalised emails, automated follow-ups. Launching in 2 weeks with 20 founding spots at 40% off. Have you tried cold outreach yet or been focused on inbound?","pending","2026-03-14"
"Born-Comfortable2868","reddit","https://www.reddit.com/r/AskVibecoders/comments/1rsuvro/full_playbook_to_setup_claude_cowork_for_your_team","So its important to get your team a claude Cowork. but its also important for you to build a system for your team. they open a blank chat, don't know what to type, and go back to doing it manually. that's a setup problem, not a people problem.    How","Hey Born-Comfortable2868 — saw your post about Full Playbook to Setup Claude CoWork for your Team. This is a problem AXON is built to solve: AI outreach that finds the right leads and sends personalised messages that actually get replies. Launching in 2 weeks with 40% off for 20 founding members. What does your current customer acquisition look like?","pending","2026-03-14"
"CoolioBeansTTV","reddit","https://www.reddit.com/r/hot_stocks/comments/1rsut58/the_market_thinks_ai_is_going_to_kill_gartner_the","https://preview.redd.it/qrsul1xxquog1.png?width=1143&amp;format=png&amp;auto=webp&amp;s=41dcd6e23a24e125b8aa39cb46de10c6f56f5fdc    For context if you don't know $IT: Gartner is the company that tells Fortune 500 CIOs which software vendors are worth","Hey CoolioBeansTTV — saw your post about The market thinks AI is going to kill Gartner. The AI traffi. This is a problem AXON is built to solve: AI outreach that finds the right leads and sends personalised messages that actually get replies. Launching in 2 weeks with 40% off for 20 founding members. What does your current customer acquisition look like?","pending","2026-03-14"
"klausblade","reddit","https://www.reddit.com/r/PromptEngineering/comments/1rsut56/the_uncertainty_around_ai_is_real_and_thats_why","When we got into YC for the summer batch, we wanted to build something that made it easier for people to create videos, especially explainer-style videos that could help people learn things in a simple way.    As we kept building, raised a round, and","Hey klausblade — saw your post about The uncertainty around AI is real, and that’s why we started. This is a problem AXON is built to solve: AI outreach that finds the right leads and sends personalised messages that actually get replies. Launching in 2 weeks with 40% off for 20 founding members. What does your current customer acquisition look like?","pending","2026-03-14"
"Visible_Donkey_7130","reddit","https://www.reddit.com/r/GrowthHacking/comments/1rsursd/anyone_actually_getting_value_from_aeo_tools_or","Spent the morning staring at my aeo tool dashboard wondering if i'm the only one who feels like it spits out the same recycled keyword slop every time. poured in competitor urls, sitemaps, the works output? a list of questions that sound like they we","Hey Visible_Donkey_7130 — saw your post about Anyone actually getting value from aeo tools or are we all j. This is a problem AXON is built to solve: AI outreach that finds the right leads and sends personalised messages that actually get replies. Launching in 2 weeks with 40% off for 20 founding members. What does your current customer acquisition look like?","pending","2026-03-14"
"Wooden-Affect4824","reddit","https://www.reddit.com/r/exmuslim/comments/1rsup2r/advice_seeking_i_need_consultation","30-year-old guy from Blida, Algeria — easy daily transport to Algiers. Ex-Muslim/atheist, long-term strict religious family pressure (daily screaming over prayer/compliance, performative stuff to avoid escalation, bad childhood vibes). Not here to ve","Hey Wooden-Affect4824 — saw your post about [ADVICE SEEKING] I need consultation. This is a problem AXON is built to solve: AI outreach that finds the right leads and sends personalised messages that actually get replies. Launching in 2 weeks with 40% off for 20 founding members. What does your current customer acquisition look like?","pending","2026-03-14"
"PerformerOk185","reddit","https://www.reddit.com/r/vibecoding/comments/1rsumwz/replaced_my_browser_with_help_from_gemini","I use my broswer(s) daily just like you and I wanted something that was better than my default homepage of google dot com so I had Gemini help me create my personal home landing page and though it still needs some tweaks like adding gemini chat with ","Hey PerformerOk185 — saw your post about Replaced my browser with help from Gemini. This is a problem AXON is built to solve: AI outreach that finds the right leads and sends personalised messages that actually get replies. Launching in 2 weeks with 40% off for 20 founding members. What does your current customer acquisition look like?","pending","2026-03-14"
"Are_A_Boob","reddit","https://www.reddit.com/r/copywriting/comments/1rsuma2/i_have_10_years_of_industry_experience_and_now","... is a complaint/opinion I've been seeing a lot in this subreddit.    It's wrong.   I'm usually not one to take binary stances on topics, the world isn't so simple where we can boil everything down to two options... but I'm taking a hard stance on ","Hey Are_A_Boob — saw your post about I have 10 years of industry experience and now there's no wo. This is a problem AXON is built to solve: AI outreach that finds the right leads and sends personalised messages that actually get replies. Launching in 2 weeks with 40% off for 20 founding members. What does your current customer acquisition look like?","pending","2026-03-14"
"RealSnazzie","reddit","https://www.reddit.com/r/buildinpublic/comments/1rsua4w/im_building_a_wealth_tracker_for_uk_investors","8 months ago I started building  lunarportfolio.com , a cross-platform wealth tracking dashboard for UK investors and savers. Web, iOS, and Android.   I know, I know. Great, another portfolio tracker. How is it different? Hear me out.   Originally, t","Hey RealSnazzie — saw your post about I'm building a wealth tracker for UK investors, here's my pr. This is a problem AXON is built to solve: AI outreach that finds the right leads and sends personalised messages that actually get replies. Launching in 2 weeks with 40% off for 20 founding members. What does your current customer acquisition look like?","pending","2026-03-14"
"ZealousidealEbb979","reddit","https://www.reddit.com/r/lakeheadu/comments/1rsu542/nursing_nclex_study_materials","I know how expensive NCLEX review materials can be, so I compiled the resources I personally used into one organized reviewer and made it more affordable for those who need help preparing.   Back when I was reviewing, I felt lost with so many scatter","Hey ZealousidealEbb979 — saw your post about Nursing (nclex) Study Materials. This is a problem AXON is built to solve: AI outreach that finds the right leads and sends personalised messages that actually get replies. Launching in 2 weeks with 40% off for 20 founding members. What does your current customer acquisition look like?","pending","2026-03-14"
"slimjourneypro","reddit","https://www.reddit.com/r/LoseItRight/comments/1rsu4qi/does_growth_hormone_supplements_cause_increase_in","No, growth hormone supplements do not cause an increase in belly fat. GH actually promotes lipolysis in visceral adipose tissue, meaning it breaks down abdominal fat. The confusion comes from misunderstanding what happens when GH levels drop or when ","Hey slimjourneypro — saw your post about Does Growth Hormone Supplements Cause Increase in Belly Fat?. This is a problem AXON is built to solve: AI outreach that finds the right leads and sends personalised messages that actually get replies. Launching in 2 weeks with 40% off for 20 founding members. What does your current customer acquisition look like?","pending","2026-03-14"
"Ok_Smell_8534","reddit","https://www.reddit.com/r/freelancing/comments/1rsu32v/invoicing_software_for_consultants_what","I went down a bit of a rabbit hole researching this after realizing most “best invoicing software” listicles are written for the wrong audience. A lot of them are built around freelancers with simple needs, which isn’t always helpful if you’re doing ","Hey Ok_Smell_8534 — saw your post about Invoicing software for consultants. What comparison sites co. This is a problem AXON is built to solve: AI outreach that finds the right leads and sends personalised messages that actually get replies. Launching in 2 weeks with 40% off for 20 founding members. What does your current customer acquisition look like?","pending","2026-03-14"
"PalpitationUnlikely5","reddit","https://www.reddit.com/r/SideProject/comments/1rsu27u/i_built_an_ai_tool_to_stop_getting_ignored_on","Hey everyone,   I’m a solo dev and I recently got super frustrated with the freelance grind. Writing custom cover letters for every single job takes forever, but sending copy-pasted templates guarantees you’ll get 0 replies.   So I spent the last few","Hey PalpitationUnlikely5 — saw your post about I built an AI tool to stop getting ignored on Upwork. Need s. This is a problem AXON is built to solve: AI outreach that finds the right leads and sends personalised messages that actually get replies. Launching in 2 weeks with 40% off for 20 founding members. What does your current customer acquisition look like?","pending","2026-03-14"
"karolbart","reddit","https://www.reddit.com/r/AttachmentTheory/comments/1rsu19u/cure_avoidant_attachment_by_watching_tv","Can watching TV help treat a dismissing attachment pattern?   In Dr. Dan Siegel’s book &quot;Mindsight,” he presents a case study involving Stuart, a 92-year-old attorney with dismissing attachment. Stuart, or just Stu, was a successful lawyer, but s","Hey karolbart — saw your post about Cure Avoidant Attachment by Watching TV. This is a problem AXON is built to solve: AI outreach that finds the right leads and sends personalised messages that actually get replies. Launching in 2 weeks with 40% off for 20 founding members. What does your current customer acquisition look like?","pending","2026-03-14"
"Traditional-Good-162","reddit","https://www.reddit.com/r/u_Traditional-Good-162/comments/1rstwi5/how_to_budget_for_building_a_house_a_complete","Budgeting for building a house starts with understanding real construction costs, hidden fees, and realistic pricing based on your location. To create an accurate home construction budget, begin by researching local construction cost per square foot,","Hey Traditional-Good-162 — saw your post about How to Budget for Building a House: A Complete Guide for Hom. This is a problem AXON is built to solve: AI outreach that finds the right leads and sends personalised messages that actually get replies. Launching in 2 weeks with 40% off for 20 founding members. What does your current customer acquisition look like?","pending","2026-03-14"
"viniciusxis","reddit","https://www.reddit.com/r/WhatsappBusinessAPI/comments/1rstuft/help_with_account_restrictions","My account got temporarily restricted three times in the last week because of what i can only assume was diagnosed as spam messagens (its not, I receive about a thousand contracts every year and in the beginning of the year they expect me to send the","Hey viniciusxis — saw your post about Help with account restrictions. Deliverability is a silent killer for cold email — most senders don't know their emails are going straight to spam. AXON handles domain warmup, sending infrastructure, and spam-safe copy generation so you actually land in inboxes. Launching in 2 weeks with 20 founding spots at 40% off. How many domains are you currently sending from?","pending","2026-03-14"
"agileideation","reddit","https://www.reddit.com/r/agileideation/comments/1rstsua/reporting_vs_owning_at_work_why_smart_teams_get","TL;DR   A lot of teams struggle because people are told to “take ownership” but are not given enough context, authority, or psychological safety to do it well. The result is often “weather reporting” (accurate updates with no implications or recommen","Hey agileideation — saw your post about Reporting vs Owning at Work — Why Smart Teams Get Stuck in “. This is a problem AXON is built to solve: AI outreach that finds the right leads and sends personalised messages that actually get replies. Launching in 2 weeks with 40% off for 20 founding members. What does your current customer acquisition look like?","pending","2026-03-14"
"Tortimom","reddit","https://www.reddit.com/r/SocialSkillsAdvanced/comments/1rstetv/why_did_my_hair_stylist_tell_me_this_huge_bs_lie","I had a great hair stylist who I loved for a few years. She was cool &amp; funny &amp; I thought that I was her friend &amp; her favorite client too.   I was wrong. Over a year ago, she moved back to the mid East to stay with her dad temporarily adte","Hey Tortimom — saw your post about Why did my hair stylist tell me this huge bs lie then disapp. This is a problem AXON is built to solve: AI outreach that finds the right leads and sends personalised messages that actually get replies. Launching in 2 weeks with 40% off for 20 founding members. What does your current customer acquisition look like?","pending","2026-03-14"
"AureliusHaze","reddit","https://www.reddit.com/r/SideProject/comments/1rste5b/i_built_a_3d_shelving_designer_to_reinvent_my","Normally, configurable shelving is a pretty boring business to be in. This is how I applied my tech career and attempted to innovate the family's business.    About a decade ago, my dad switched from wholesale hair accessories to selling steel shelvi","Hey AureliusHaze — saw your post about I built a 3D shelving designer to reinvent my family's decad. This is a problem AXON is built to solve: AI outreach that finds the right leads and sends personalised messages that actually get replies. Launching in 2 weeks with 40% off for 20 founding members. What does your current customer acquisition look like?","pending","2026-03-14"
"Financial_Toe5755","reddit","https://www.reddit.com/r/IslamabadSocial/comments/1rstc6p/yo_guys_listen_to_my_gyan_for_a_minute","Sometimes life feels like a mess, you feel like you're gonna end up hanging with a rope or jumping from a 10th floor... and we cannot share everything with friends, that's my personal experience.    This ramadan was so easy, like its a really good se","Hey Financial_Toe5755 — saw your post about Yo guys! listen to my gyan for a minute. This is a problem AXON is built to solve: AI outreach that finds the right leads and sends personalised messages that actually get replies. Launching in 2 weeks with 40% off for 20 founding members. What does your current customer acquisition look like?","pending","2026-03-14"
"unknown","reddit","https://www.reddit.com/r/techsupportmacgyver","Instances of crazy fixes that actually ended up working. Or not working, I'm a description, not the cops.      [link]","Hey unknown — saw your post about Tech Support MacGyver. This is a problem AXON is built to solve: AI outreach that finds the right leads and sends personalised messages that actually get replies. Launching in 2 weeks with 40% off for 20 founding members. What does your current customer acquisition look like?","pending","2026-03-14"
"Icy-Post-3811","reddit","https://www.reddit.com/r/gradadmissions/comments/1rsp5ft/seeking_honest_feedback_about_grad_school","I'm a junior majoring in Math and Physics with a minor in Art History. My overall GPA is 3.2, which I know is a concern, but there's context: my grades were rough early on when I was in a different program, and I've pulled a 3.8 in my physics coursew","Hey Icy-Post-3811 — saw your post about Seeking Honest Feedback About Grad School Admissions - Plasm. This is a problem AXON is built to solve: AI outreach that finds the right leads and sends personalised messages that actually get replies. Launching in 2 weeks with 40% off for 20 founding members. What does your current customer acquisition look like?","pending","2026-03-14"
"alhassan_almaznaei","reddit","https://www.reddit.com/r/n8n/comments/1rsohoq/i_can_build_ai_automation_cant_sell_it_looking","Been building AI automation for about 2 years now.    Targeting small businesses — RAG agents, AI voice agents, lead follow-up automations, workflow buildouts — think dental offices, HVAC companies, parts distributors, that kind of thing. in the US b","Hey alhassan_almaznaei — saw your post about I can build AI automation, can't sell it. Looking for someon. This is a problem AXON is built to solve: AI outreach that finds the right leads and sends personalised messages that actually get replies. Launching in 2 weeks with 40% off for 20 founding members. What does your current customer acquisition look like?","pending","2026-03-14"
"josemarin18","reddit","https://www.reddit.com/r/indiehackers/comments/1rso84j/day_0_of_runway_600_balance_i_stopped_coding_to","No more countdown. I hit zero.   -€600 in my account (yes! negative). That's not a metaphor. That's my actual balance.   I'm not posting this for sympathy. I'm posting it because it's the next update in this series and I said I'd stay honest.   Here'","Hey josemarin18 — saw your post about Day 0 of runway (-€600 balance). I stopped coding to focus o. This is a problem AXON is built to solve: AI outreach that finds the right leads and sends personalised messages that actually get replies. Launching in 2 weeks with 40% off for 20 founding members. What does your current customer acquisition look like?","pending","2026-03-14"
"ninjapapi","reddit","https://www.reddit.com/r/web3/comments/1rsntb7/got_50k_players_in_our_first_week_with_zero","We launched two weeks ago and people keep asking how we pulled it off so figured i'd just share the whole thing.   posted 15 second gameplay clips on twitter with no context. no &quot;check out our game&quot;, just raw footage. people got curious and","Hey ninjapapi — saw your post about got 50k players in our first week with zero marketing spend,. This is a problem AXON is built to solve: AI outreach that finds the right leads and sends personalised messages that actually get replies. Launching in 2 weeks with 40% off for 20 founding members. What does your current customer acquisition look like?","pending","2026-03-14"
"retep-noskcire","reddit","https://www.reddit.com/r/startups/comments/1rsno6t/how_i_kept_a_b2b_saas_pipeline_alive_after_the","In 2024-2025, our sales org fell apart. VP Sales gone. AEs gone. GM replaced by a new CEO. CRO moved to another business unit. By the end of 2025 I was the only GTM person left.   Through the chaos I had two choices. Work harder and burn out, or buil","Hey retep-noskcire — saw your post about How I kept a B2B SaaS pipeline alive after the sales team we. This is a problem AXON is built to solve: AI outreach that finds the right leads and sends personalised messages that actually get replies. Launching in 2 weeks with 40% off for 20 founding members. What does your current customer acquisition look like?","pending","2026-03-14"
"cismunduselcreatus","reddit","https://www.reddit.com/r/SaaS/comments/1rsnjw0/went_from_0_to_20k_mrr_with_zero_paid_advertising","Our entire growth strategy for the first 18 months: Cold outreach on LinkedIn. 50 messages per day. Targeted, personalized, not spammy. Maybe 5% response rate. Maybe 10% of those converted. Guest posts on industry blogs. One per month. Drove 200 to 3","Hey cismunduselcreatus — saw your post about Went from $0 to $20K MRR with zero paid advertising. Deliverability is a silent killer for cold email — most senders don't know their emails are going straight to spam. AXON handles domain warmup, sending infrastructure, and spam-safe copy generation so you actually land in inboxes. Launching in 2 weeks with 20 founding spots at 40% off. How many domains are you currently sending from?","pending","2026-03-14"
"CranberryFrog147","reddit","https://www.reddit.com/r/AskMarketing/comments/1rsmu44/struggling_to_find_a_job_that_sticks_to_its_niche","Hi everyone,    Title says it all. I am being made redundant from my role as an in-house marketer for a hospitality manufacturing company.    I am already so burnt out, I joined as a digital marketing apprentice 5 years ago after doing SMM for an age","Hey CranberryFrog147 — read your post about Struggling to find a job that sticks to it's niche - expecte. Distribution is the hardest part of early SaaS — most builders are great at product and terrible at outbound. AXON handles the outbound side: verified leads, AI-personalised emails, automated follow-ups. Launching in 2 weeks with 20 founding spots at 40% off. Have you tried cold outreach yet or been focused on inbound?","pending","2026-03-14"
"mydrop_ai","reddit","https://www.reddit.com/r/B2BEventMarketing/comments/1rsmomc/what_actually_works_for_turning_event_attendees","You can fill a room and still come away with zero qualified opportunities. I’ve planned events that looked successful on paper but produced little pipeline. The reason is rarely the attendees. It’s the mismatch between what the event promises and how","Hey mydrop_ai — saw your post about What actually works for turning event attendees into qualifi. This is a problem AXON is built to solve: AI outreach that finds the right leads and sends personalised messages that actually get replies. Launching in 2 weeks with 40% off for 20 founding members. What does your current customer acquisition look like?","pending","2026-03-14"
"Soy_Farmer2","reddit","https://www.reddit.com/r/cofounderhunt/comments/1rsmj8e/looking_for_sales_focused_cofounder_for_upcoming","I'm a solo technical founder who has spent the last several months building a SaaS product for a specific, underserved niche in the insurance industry. The product is functional, has real paying potential, and solves a workflow problem that costs age","Hey Soy_Farmer2 — saw your post about Looking for sales focused co-founder for upcoming insurtech(. This is a problem AXON is built to solve: AI outreach that finds the right leads and sends personalised messages that actually get replies. Launching in 2 weeks with 40% off for 20 founding members. What does your current customer acquisition look like?","pending","2026-03-14"
"cheezborgular","reddit","https://www.reddit.com/r/FakeGuru/comments/1rsm63p/dustin_varano_growth_ops_scam_dustin_varano_rage","Check this sub, there’s another post that explains this similar situation and Dustin Varano and his minions are trying to censor it by reporting comment/accounts and downvoting but if you check the post, it has more upvotes and the comments are downv","Hey cheezborgular — saw your post about Dustin Varano Growth ops SCAM (Dustin Varano, Rage Mello, Ne. This is a problem AXON is built to solve: AI outreach that finds the right leads and sends personalised messages that actually get replies. Launching in 2 weeks with 40% off for 20 founding members. What does your current customer acquisition look like?","pending","2026-03-14"
"dktkTech","reddit","https://www.reddit.com/r/aiseosoftware/comments/1rsloh4/what_actually_moved_the_needle_for_me_in_seo","I’ve spent the last year helping a few small sites recover from flat SEO growth, and the biggest improvement came from removing stuff, not adding more tactics. The most useful shift was focusing hard on search intent and technical blockers before pub","Hey dktkTech — saw your post about What actually moved the needle for me in SEO after stripping. This is a problem AXON is built to solve: AI outreach that finds the right leads and sends personalised messages that actually get replies. Launching in 2 weeks with 40% off for 20 founding members. What does your current customer acquisition look like?","pending","2026-03-14"
"Waste-Eagle-3876","reddit","https://www.reddit.com/r/GrowthHacking/comments/1rsle1q/how_do_you_acquire_customers_in_the_b2b_research","I'm working with a small company that sells specialized lab equipment to universities and biotech companies. Our products are high-quality and competitively priced, but we're struggling to reach the right decision-makers. Traditional marketing feels ","Hey Waste-Eagle-3876 — read your post about How do you acquire customers in the B2B research equipment s. Distribution is the hardest part of early SaaS — most builders are great at product and terrible at outbound. AXON handles the outbound side: verified leads, AI-personalised emails, automated follow-ups. Launching in 2 weeks with 20 founding spots at 40% off. Have you tried cold outreach yet or been focused on inbound?","pending","2026-03-14"
"Forsaken_Machine4723","reddit","https://www.reddit.com/r/microsaas/comments/1rsldrr/building_a_tool_to_reduce_prospect_research_time","I’ve been thinking through a product idea for founder-led outbound and wanted to get honest feedback from people here.   The original problem I wanted to solve was this:   When founders do outbound themselves, a lot of time gets eaten up during the r","Hey Forsaken_Machine4723 — saw your post about Building a tool to reduce prospect research time before cold. This is a problem AXON is built to solve: AI outreach that finds the right leads and sends personalised messages that actually get replies. Launching in 2 weeks with 40% off for 20 founding members. What does your current customer acquisition look like?","pending","2026-03-14"
"Forsaken_Machine4723","reddit","https://www.reddit.com/r/SaaS/comments/1rsldcy/building_a_tool_to_reduce_prospect_research_time","I’ve been thinking through a product idea for founder-led outbound and wanted to get honest feedback from people here.   The original problem I wanted to solve was this:   When founders do outbound themselves, a lot of time gets eaten up during the r","Hey Forsaken_Machine4723 — saw your post about Building a tool to reduce prospect research time before cold. This is a problem AXON is built to solve: AI outreach that finds the right leads and sends personalised messages that actually get replies. Launching in 2 weeks with 40% off for 20 founding members. What does your current customer acquisition look like?","pending","2026-03-14"
"Forsaken_Machine4723","reddit","https://www.reddit.com/r/B2BSaaS/comments/1rslbmg/building_a_tool_to_reduce_prospect_research_time","I’ve been thinking through a product idea for founder-led outbound and wanted to get honest feedback from people here.   The original problem I wanted to solve was this:   When founders do outbound themselves, a lot of time gets eaten up during the r","Hey Forsaken_Machine4723 — saw your post about Building a tool to reduce prospect research time before cold. This is a problem AXON is built to solve: AI outreach that finds the right leads and sends personalised messages that actually get replies. Launching in 2 weeks with 40% off for 20 founding members. What does your current customer acquisition look like?","pending","2026-03-14"
"Forsaken_Machine4723","reddit","https://www.reddit.com/r/coldemail/comments/1rslayw/building_a_tool_to_reduce_prospect_research_time","I’ve been thinking through a product idea for founder-led outbound and wanted to get honest feedback from people here.   The original problem I wanted to solve was this:   When founders do outbound themselves, a lot of time gets eaten up during the r","Hey Forsaken_Machine4723 — saw your post about Building a tool to reduce prospect research time before cold. This is a problem AXON is built to solve: AI outreach that finds the right leads and sends personalised messages that actually get replies. Launching in 2 weeks with 40% off for 20 founding members. What does your current customer acquisition look like?","pending","2026-03-14"
"Forsaken_Machine4723","reddit","https://www.reddit.com/r/b2b_sales/comments/1rsl9sx/building_a_tool_to_reduce_prospect_research_time","I’ve been thinking through a product idea for founder-led outbound and wanted to get honest feedback from people here.   The original problem I wanted to solve was this:   When founders do outbound themselves, a lot of time gets eaten up during the r","Hey Forsaken_Machine4723 — saw your post about Building a tool to reduce prospect research time before cold. This is a problem AXON is built to solve: AI outreach that finds the right leads and sends personalised messages that actually get replies. Launching in 2 weeks with 40% off for 20 founding members. What does your current customer acquisition look like?","pending","2026-03-14"
"Annual_Judge_7272","reddit","https://www.reddit.com/r/BlackberryAI/comments/1rsl4ly/private_credit","That's a sharp observation on the ripple effects in private credit right now—it's not just isolated fund troubles; it's signaling broader stress that could cascade into customer bases for certain industries. Let's break this down and build on your po","Hey Annual_Judge_7272 — saw your post about Private credit. This is a problem AXON is built to solve: AI outreach that finds the right leads and sends personalised messages that actually get replies. Launching in 2 weeks with 40% off for 20 founding members. What does your current customer acquisition look like?","pending","2026-03-14"
"slitza","reddit","https://www.reddit.com/r/gradadmissions/comments/1rskywn/application_and_university_picking_strategy","Hi Everyone.   I could use some opinions and insights please, supportive or critical.   I've been exploring PhD studies in Canada. So far, I've identified related engineering programs at Uni of Toronto, Uni of British Columbia (the 2 dream schools, r","Hey slitza — saw your post about Application and university picking strategy. This is a problem AXON is built to solve: AI outreach that finds the right leads and sends personalised messages that actually get replies. Launching in 2 weeks with 40% off for 20 founding members. What does your current customer acquisition look like?","pending","2026-03-14"
"skyscribbler","reddit","https://www.reddit.com/r/InternshipsIndia/comments/1rskn5x/title_why_volunteering_with_inamigos_foundation","In a fast moving world, many struggles remain unseen. Hunger sits quietly in empty kitchens, and warm clothing becomes a luxury for many during winter. This is where volunteering can transform empathy into real action.   I recently explored the work ","Hey skyscribbler — saw your post about Title: Why Volunteering with InAmigos Foundation Can Help Yo. This is a problem AXON is built to solve: AI outreach that finds the right leads and sends personalised messages that actually get replies. Launching in 2 weeks with 40% off for 20 founding members. What does your current customer acquisition look like?","pending","2026-03-14"
"Stacklegend","reddit","https://www.reddit.com/r/stacklegend/comments/1rskj8z/publishing_is_just_the_beginning_how_we_audit_the","Data-driven decision-making applies to content, too.   Auditing is a cornerstone of how Stacklegend operates. We continuously monitor code quality, incident rates, and development velocity — because sound decisions require validated data. At some poi","Hey Stacklegend — saw your post about Publishing Is Just the Beginning — How We Audit the Lifecycl. This is a problem AXON is built to solve: AI outreach that finds the right leads and sends personalised messages that actually get replies. Launching in 2 weeks with 40% off for 20 founding members. What does your current customer acquisition look like?","pending","2026-03-14"
"Leather_Director_725","reddit","https://www.reddit.com/r/MachineLearningJobs/comments/1rske8e/i_collected_100_hours_of_ai_speech_data_with_zero","Hey everyone, long-time lurker here. I've been working at an AI data collection startup called Filemarket AI Data Labs Inc. for a while now and wanted to share my experience because I don't see many people talking about this side of the AI industry. ","Hey Leather_Director_725 — saw your post about I collected 100+ hours of AI speech data with zero experienc. This is a problem AXON is built to solve: AI outreach that finds the right leads and sends personalised messages that actually get replies. Launching in 2 weeks with 40% off for 20 founding members. What does your current customer acquisition look like?","pending","2026-03-14"
"hddjdjjdjd","reddit","https://www.reddit.com/r/SaaS/comments/1rskbt1/our_400mo_tech_stack_was_actually_making_us","Most SaaS outreach advice tells you to buy the best tool for every niche. We did exactly that. We had one tool for Reddit monitoring, another for LinkedIn, a GPT wrapper for drafting, and a CRM to keep track of it all.   By the time we connected them","Hey hddjdjjdjd — saw your post about Our $400/mo tech stack was actually making us slower. Here w. This is a problem AXON is built to solve: AI outreach that finds the right leads and sends personalised messages that actually get replies. Launching in 2 weeks with 40% off for 20 founding members. What does your current customer acquisition look like?","pending","2026-03-14"
"No-Mistake421","reddit","https://www.reddit.com/r/AiForSmallBusiness/comments/1rsih0d/i_failed_at_running_an_agency_3_times_before_30","Two years ago I was working from my childhood bedroom at my parents' house, $28,000 in credit card debt, and explaining to my dad for the third time why my business wasn't &quot;really failing, just pivoting.&quot;   He didn't buy it. Honestly, neith","Hey No-Mistake421 — saw your post about I failed at running an agency 3 times before 30. At 32, we h. This is a problem AXON is built to solve: AI outreach that finds the right leads and sends personalised messages that actually get replies. Launching in 2 weeks with 40% off for 20 founding members. What does your current customer acquisition look like?","pending","2026-03-14"
"No-Mistake421","reddit","https://www.reddit.com/r/AiAutomations/comments/1rsid5h/i_have_been_building_linkedin_automation_systems","I was showing an agency owner a full LinkedIn outreach automation I'd built for them.   Multi-account setup, isolated sessions, AI-generated personalized messages, sequences that fired on optimized schedules, leads pushing into HubSpot automatically,","Hey No-Mistake421 — saw your post about I have been building LinkedIn automation systems for agencie. Cold email reply rates have cratered industry-wide — the problem is usually personalisation at scale. AXON is an AI outreach tool that researches each prospect and writes emails that actually reference their situation — typically 3-5x higher reply rates. Launching in 2 weeks with 20 founding spots at 40% off forever. What's your current send volume?","pending","2026-03-14"
"No-Mistake421","reddit","https://www.reddit.com/r/AiAutomations/comments/1rsia21/taplio_is_solid_for_personal_branding_but","Been using Taplio for about 8 months and genuinely like it for what it does. The AI post generation is decent, the scheduling works reliably, and the inspiration feed helps when I have no idea what to write about.   But every time I try to actually u","Hey No-Mistake421 — saw your post about Taplio is solid for personal branding but completely useless. This is a problem AXON is built to solve: AI outreach that finds the right leads and sends personalised messages that actually get replies. Launching in 2 weeks with 40% off for 20 founding members. What does your current customer acquisition look like?","pending","2026-03-14"
"HuckleberryOwn8065","reddit","https://www.reddit.com/r/doctorsUK/comments/1rsi87b/do_i_escalate_this_incident_that_happened_to_a","I'm an FY on an acute medicine ward. We have ACPs and PAs who work with us as well as IMTs and occasionally a registrar.   Nowadays the 'acute med' ward has become akin to a general medicine ward though, so we have many patients who have been here al","Hey HuckleberryOwn8065 — saw your post about Do I escalate this incident that happened to a colleague, an. This is a problem AXON is built to solve: AI outreach that finds the right leads and sends personalised messages that actually get replies. Launching in 2 weeks with 40% off for 20 founding members. What does your current customer acquisition look like?","pending","2026-03-14"
"Itchy_Sprinkles5475","reddit","https://www.reddit.com/r/indianstartups/comments/1rsi7ks/a_question_for_founders_here_how_did_you_get_your","I’m curious about something and wanted to hear real experiences from people here... Many founders talk about building MVPs, launching products, etc... But I feel the hardest part is actually getting the  first few real users ... Not the friends and f","Hey Itchy_Sprinkles5475 — saw your post about a question for founders here, how did you get your first 10 . This is a problem AXON is built to solve: AI outreach that finds the right leads and sends personalised messages that actually get replies. Launching in 2 weeks with 40% off for 20 founding members. What does your current customer acquisition look like?","pending","2026-03-14"
"maxwhat743","reddit","https://www.reddit.com/r/openclaw/comments/1rsi5bi/running_openclaw_247_on_mac_mini_m4_what_actually","Been running OpenClaw as an always-on autonomous agent for my e-commerce ops. Order fulfillment, email outreach, content generation across 25 sites, shipment monitoring, all through Telegram and Slack with about 30 cron jobs. Here's what I learned th","Hey maxwhat743 — saw your post about Running OpenClaw 24/7 on Mac Mini M4, what actually works af. This is a problem AXON is built to solve: AI outreach that finds the right leads and sends personalised messages that actually get replies. Launching in 2 weeks with 40% off for 20 founding members. What does your current customer acquisition look like?","pending","2026-03-14"
"Dizzy_Phrase_5266","reddit","https://www.reddit.com/r/infinitesights/comments/1rsi492/how_jonathan_haber_makes_software_easier_to_use","Read the original article and support Infinite Sights at  https://infinitesights.com/jonathan-haber/     Jonathan Haber is a technology entrepreneur and business strategist based in Montreal, Quebec. He is known for early stage startup growth work th","Hey Dizzy_Phrase_5266 — saw your post about How Jonathan Haber Makes Software Easier to Use. This is a problem AXON is built to solve: AI outreach that finds the right leads and sends personalised messages that actually get replies. Launching in 2 weeks with 40% off for 20 founding members. What does your current customer acquisition look like?","pending","2026-03-14"
"No-Mistake421","reddit","https://www.reddit.com/r/B2BSaaS/comments/1rsi0h6/how_we_pushed_every_linkedin_lead_directly_into","For about a year our team was doing something embarrassing. Running LinkedIn outreach, getting replies, booking calls, and then manually copying every contact's name, title, company, and LinkedIn URL into HubSpot one by one.   Nobody questioned it be","Hey No-Mistake421 — saw your post about How we pushed every LinkedIn lead directly into HubSpot auto. This is a problem AXON is built to solve: AI outreach that finds the right leads and sends personalised messages that actually get replies. Launching in 2 weeks with 40% off for 20 founding members. What does your current customer acquisition look like?","pending","2026-03-14"
"squidwardtheexplorer","reddit","https://www.reddit.com/r/UofT/comments/1rshrli/need_advice_for_applying_to_mph_in_health","Hi everyone! I’ve been eyeing uoft’s MPH program with the Health Promotion specialization but I’ve been hesitant given how competitive it is.   For context, these are my qualifications:   - 4-years Bachelors in Psych   - My GPA is just above the mini","Hey squidwardtheexplorer — saw your post about Need Advice for Applying to MPH in Health Promotion. This is a problem AXON is built to solve: AI outreach that finds the right leads and sends personalised messages that actually get replies. Launching in 2 weeks with 40% off for 20 founding members. What does your current customer acquisition look like?","pending","2026-03-14"
"No-Mistake421","reddit","https://www.reddit.com/r/GrowOnLinkedIn/comments/1rshq5v/what_is_linkedins_social_selling_index_actually","Stumbled across my SSI score a few months ago and spent way too long trying to figure out if it actually meant anything. Sharing what I found because the answer is more nuanced than most people suggest.    What SSI actually is.  LinkedIn scores you f","Hey No-Mistake421 — saw your post about What is LinkedIn's Social Selling Index actually? Does it im. This is a problem AXON is built to solve: AI outreach that finds the right leads and sends personalised messages that actually get replies. Launching in 2 weeks with 40% off for 20 founding members. What does your current customer acquisition look like?","pending","2026-03-14"
"Queasy-Werewolf8791","reddit","https://www.reddit.com/r/u_Queasy-Werewolf8791/comments/1rshide/is_offpage_seo_still_worth_it_in_2026_or_should","I’ve been reviewing my SEO strategy for a few client sites and I’m torn on how much emphasis to put on off-page vs on-page work.   On-page is obviously in my control (content quality, internal links, tech fixes, etc.), but I keep seeing strong result","Hey Queasy-Werewolf8791 — saw your post about Is off-page SEO still worth it in 2026, or should we double . This is a problem AXON is built to solve: AI outreach that finds the right leads and sends personalised messages that actually get replies. Launching in 2 weeks with 40% off for 20 founding members. What does your current customer acquisition look like?","pending","2026-03-14"
"Lily_Scrapeless","reddit","https://www.reddit.com/r/GEO__AI__SEO/comments/1rshi0k/is_traditional_seo_audit_not_enough_try_this_geo","Recently, I have been researching a project called  SEO GEO Audit . After running it on several sites, I found that it solves a long-standing problem in SEO: the audit is completed, the problems clearly exist, but the report is complex and difficult ","Hey Lily_Scrapeless — saw your post about Is Traditional SEO Audit Not Enough? Try This GEO Audit Skil. This is a problem AXON is built to solve: AI outreach that finds the right leads and sends personalised messages that actually get replies. Launching in 2 weeks with 40% off for 20 founding members. What does your current customer acquisition look like?","pending","2026-03-14"
"JamMasterJulian","reddit","https://www.reddit.com/r/AISEOInsider/comments/1rsgybd/openclaw_ai_agent_framework_vs_other_ai_systems","OpenClaw AI agent framework just received a major update that changes how AI automation systems are built.   It now includes features that make AI agents faster, more stable, and far easier to scale.   If you want to see how founders are already expe","Hey JamMasterJulian — saw your post about OpenClaw AI Agent Framework vs Other AI Systems. This is a problem AXON is built to solve: AI outreach that finds the right leads and sends personalised messages that actually get replies. Launching in 2 weeks with 40% off for 20 founding members. What does your current customer acquisition look like?","pending","2026-03-14"
"Specialist-Site-8196","reddit","https://www.reddit.com/r/SEOLinkBuilders/comments/1rsgv87/welcome_to_rseolinkbuilders_introduce_yourself","Hey everyone! I'm  u/Specialist-Site-8196 , a founding moderator of  r/SEOLinkBuilders .   This community is for people working on SEO and link building — bloggers, niche site owners, SaaS founders, and SEO professionals who want to build real backli","Hey Specialist-Site-8196 — saw your post about 👋 Welcome to r/SEOLinkBuilders - Introduce Yourself and Read. This is a problem AXON is built to solve: AI outreach that finds the right leads and sends personalised messages that actually get replies. Launching in 2 weeks with 40% off for 20 founding members. What does your current customer acquisition look like?","pending","2026-03-14"
"JamesF110808","reddit","https://www.reddit.com/r/microsaas/comments/1rsgi3f/backlink_indexing_rates_across_22_sites_what","Ran controlled backlink indexing study across 22 new domains over 8 months to get current data on what backlinks actually index and impact rankings in 2025. All sites started DA 0-8, submitted to same 200 directories using  directory submission servi","Hey JamesF110808 — saw your post about Backlink indexing rates across 22 sites: What actually gets . This is a problem AXON is built to solve: AI outreach that finds the right leads and sends personalised messages that actually get replies. Launching in 2 weeks with 40% off for 20 founding members. What does your current customer acquisition look like?","pending","2026-03-14"
"More-Grade-4593","reddit","https://www.reddit.com/r/aiToolForBusiness/comments/1rsfj06/ai_agents_that_actually_do_endtoend_sales","I didn’t start looking for an AI sales agent because I love automation. I started looking because I was exhausted. Following up manually, checking who replied, updating CRM fields I barely cared about, sending “just bumping this up” emails at night l","Hey More-Grade-4593 — saw your post about AI Agents That Actually Do End-to-End Sales Workflows. This is a problem AXON is built to solve: AI outreach that finds the right leads and sends personalised messages that actually get replies. Launching in 2 weeks with 40% off for 20 founding members. What does your current customer acquisition look like?","pending","2026-03-14"
"Wide-Marionberry-198","reddit","https://www.reddit.com/r/apply4me/comments/1rsfb48/for_hire_i_will_apply4u_and_find_you_a_job_15_per","What I Do   I help people land jobs by taking over the most time-consuming part of the process:  applying .   My team applies to the  right  roles on your behalf, so you can focus on: - Interview prep  - Performing well in interviews  - Your current ","Hey Wide-Marionberry-198 — saw your post about [FOR HIRE] I will apply4u and find you a job $15 per hour. This is a problem AXON is built to solve: AI outreach that finds the right leads and sends personalised messages that actually get replies. Launching in 2 weeks with 40% off for 20 founding members. What does your current customer acquisition look like?","pending","2026-03-14"
"Wide-Marionberry-198","reddit","https://www.reddit.com/r/mlfreelancers/comments/1rsfb42/for_hire_i_will_apply4u_and_find_you_a_job_15_per","What I Do   I help people land jobs by taking over the most time-consuming part of the process:  applying .   My team applies to the  right  roles on your behalf, so you can focus on: - Interview prep  - Performing well in interviews  - Your current ","Hey Wide-Marionberry-198 — saw your post about [FOR HIRE] I will apply4u and find you a job $15 per hour. This is a problem AXON is built to solve: AI outreach that finds the right leads and sends personalised messages that actually get replies. Launching in 2 weeks with 40% off for 20 founding members. What does your current customer acquisition look like?","pending","2026-03-14"
"Salty_Country6835","reddit","https://www.reddit.com/r/ChatGPT/comments/1rsel4a/one_of_my_most_useful_ai_experiments_happened_on","Most conversations about AI happen in software, coding, research, or creative work.   One of the most useful experiments I’ve done with AI happened somewhere much less glamorous: a warehouse floor.   From the outside warehouses look mechanical. Forkl","Hey Salty_Country6835 — saw your post about One of My Most Useful AI Experiments Happened on a Warehouse. This is a problem AXON is built to solve: AI outreach that finds the right leads and sends personalised messages that actually get replies. Launching in 2 weeks with 40% off for 20 founding members. What does your current customer acquisition look like?","pending","2026-03-14"
"Old-Improvement-8706","reddit","https://www.reddit.com/r/u_Old-Improvement-8706/comments/1rsegwn/ready_or_not_linkedin_enforcements_are_reshaping","Ready or not, LinkedIn Enforcements Are Reshaping Outbound.     What has changed, what still works—and how to tread the fine line between manual and automated outreach on LinkedIn.    It’s not an easy time to be a B2B SDR prospecting on LinkedIn. You","Hey Old-Improvement-8706 — saw your post about Ready or not, LinkedIn Enforcements Are Reshaping Outbound. This is a problem AXON is built to solve: AI outreach that finds the right leads and sends personalised messages that actually get replies. Launching in 2 weeks with 40% off for 20 founding members. What does your current customer acquisition look like?","pending","2026-03-14"
"Parking_Reaction2710","reddit","https://www.reddit.com/r/freelance_forhire/comments/1rsee3a/for_hire_react_nextjs_react_native_developer_4","Hey everyone,   My name is Adnan. I’ve been building things with  React, Next.js and React Native for about 4+ years  now. Mostly full apps, automation tools and random product ideas that come to mind.   To be honest, things have been a bit rough lat","Hey Parking_Reaction2710 — saw your post about [For Hire] React / Next.js / React Native Developer (4+ yrs). This is a problem AXON is built to solve: AI outreach that finds the right leads and sends personalised messages that actually get replies. Launching in 2 weeks with 40% off for 20 founding members. What does your current customer acquisition look like?","pending","2026-03-14"
"FixHairy266","reddit","https://www.reddit.com/r/SaaS/comments/1rsdlw6/built_a_job_search_tool_that_finds_lowcompetition","I built a tool that helps job seekers find roles they'd actually be competitive for. You upload your resume, and it matches you to jobs based on fit — not just keywords. The key thing it does differently is surface low-competition openings that most ","Hey FixHairy266 — saw your post about Built a job search tool that finds low-competition roles — p. This is a problem AXON is built to solve: AI outreach that finds the right leads and sends personalised messages that actually get replies. Launching in 2 weeks with 40% off for 20 founding members. What does your current customer acquisition look like?","pending","2026-03-14"
"ubwebnepal","reddit","https://www.reddit.com/r/u_ubwebnepal/comments/1rsck2h/how_long_does_it_actually_take_to_rank_on_google","Many business owners in Nepal ask a common question before investing in search engine optimization:  how long does it actually take to rank on Google in Nepal?    The  honest answer is that SEO takes time . Some websites start seeing results in a few","Hey ubwebnepal — saw your post about How Long Does It Actually Take to Rank on Google in Nepal?. This is a problem AXON is built to solve: AI outreach that finds the right leads and sends personalised messages that actually get replies. Launching in 2 weeks with 40% off for 20 founding members. What does your current customer acquisition look like?","pending","2026-03-14"
"digimarketeronline","reddit","https://www.reddit.com/r/digimarketeronline/comments/1rschnw/what_are_the_most_effective_business_development","Business development in healthcare is very different from typical marketing. Trust, compliance, patient outcomes, and long sales cycles matter more than “viral content.”   Here are the most effective promotion strategies in 2026:   1. Authority-Drive","Hey digimarketeronline — saw your post about What are the most effective business development promotion s. This is a problem AXON is built to solve: AI outreach that finds the right leads and sends personalised messages that actually get replies. Launching in 2 weeks with 40% off for 20 founding members. What does your current customer acquisition look like?","pending","2026-03-14"
"mad_chubbycatx","reddit","https://www.reddit.com/r/whatdoIdo/comments/1rsbje6/my_boyfriend_is_calling_me_a_cheater_saying_i_was","Was I flirting? This is my old coworker. We were case managers together and so we did a lot of outreach together. I posted an insta story of a tattoo I had just done and that’s what he was commenting on. Right after I responded the first time I told ","Hey mad_chubbycatx — saw your post about My boyfriend is calling me a cheater saying I was flirting w. This is a problem AXON is built to solve: AI outreach that finds the right leads and sends personalised messages that actually get replies. Launching in 2 weeks with 40% off for 20 founding members. What does your current customer acquisition look like?","pending","2026-03-14"
"Cornerstone_IR","reddit","https://www.reddit.com/r/Miningstocks/comments/1rsb1p1/rio_silver_ryo_ryoof_new_website_launch_strong","Not financial advice. Please DYOR.      Rio Silver Inc.  ( TSX-V: RYO | OTC: RYOOF ), the Canadian silver developer advancing high-grade, silver-dominant assets in Peru, the world’s #2 silver producer. The flagship Maria Norte Project in the prolific","Hey Cornerstone_IR — saw your post about Rio Silver ($RYO / $RYOOF) New Website Launch + Strong PDAC . This is a problem AXON is built to solve: AI outreach that finds the right leads and sends personalised messages that actually get replies. Launching in 2 weeks with 40% off for 20 founding members. What does your current customer acquisition look like?","pending","2026-03-14"
"Infinite_Cat_8780","reddit","https://www.reddit.com/r/SaaSAcquire/comments/1rsadei/i_built_an_ai_governance_platform_solving_a_real","Six months ago I kept running into the same problem while building AI-powered products: once you move from a single LLM call to an actual agent system, you go completely blind. You don't know what your agents are doing, why they're failing, what they","Hey Infinite_Cat_8780 — saw your post about I built an AI governance platform solving a real pain point. This is a problem AXON is built to solve: AI outreach that finds the right leads and sends personalised messages that actually get replies. Launching in 2 weeks with 40% off for 20 founding members. What does your current customer acquisition look like?","pending","2026-03-14"
"manthan_23","reddit","https://www.reddit.com/r/LegitReach/comments/1rs9qct/as_an_internet_user_how_do_you_discover_products","My personal preference is “word-of-mouth” or watching a YouTube review.   Most of the outreach efforts are focussed on email and SMS, both of which are not effective (on me at least)   What are more warm outreach approaches that might work on you for","Hey manthan_23 — saw your post about As an internet user, how do you discover products online?. This is a problem AXON is built to solve: AI outreach that finds the right leads and sends personalised messages that actually get replies. Launching in 2 weeks with 40% off for 20 founding members. What does your current customer acquisition look like?","pending","2026-03-14"
"Infinite_Cat_8780","reddit","https://www.reddit.com/r/SaaS/comments/1rs95qv/i_built_an_ai_governance_platform_solving_a_real","Six months ago I kept running into the same problem while building AI-powered products: once you move from a single LLM call to an actual agent system, you go completely blind. You don't know what your agents are doing, why they're failing, what they","Hey Infinite_Cat_8780 — saw your post about I built an AI governance platform solving a real pain point. This is a problem AXON is built to solve: AI outreach that finds the right leads and sends personalised messages that actually get replies. Launching in 2 weeks with 40% off for 20 founding members. What does your current customer acquisition look like?","pending","2026-03-14"
"shadowcpw","reddit","https://www.reddit.com/r/SocialWorkStudents/comments/1rs91gt/what_are_my_odds","i graduated with a Bachelors in Communications from Temple University with a 3.68 GPA. MSW was my original path of choice, but after graduating I got caught up in the noise (its not high paying, healthcare is better, just overall pressure from family","Hey shadowcpw — saw your post about What are my odds?. This is a problem AXON is built to solve: AI outreach that finds the right leads and sends personalised messages that actually get replies. Launching in 2 weeks with 40% off for 20 founding members. What does your current customer acquisition look like?","pending","2026-03-14"
"WesternJellyfish9860","reddit","https://www.reddit.com/r/animalscience/comments/1rs8tn6/jobs_with_this_bach","I plan to get an animal science Bach, an then go to vet school. I spent about 2 hours last night talking with my friend’s parents about college plans, financials etc. They both have a lot of experience in that area, have two college aged kids who are","Hey WesternJellyfish9860 — saw your post about Jobs with this Bach?. This is a problem AXON is built to solve: AI outreach that finds the right leads and sends personalised messages that actually get replies. Launching in 2 weeks with 40% off for 20 founding members. What does your current customer acquisition look like?","pending","2026-03-14"
"Ecstatic-Link4910","reddit","https://www.reddit.com/r/SaaS/comments/1rs8jvo/how_i_cut_10_hours_a_week_from_linkedin_outreach","I am an HR professional and part of my job is reaching out to potential candidates on LinkedIn. At first I am doing everything manually sending connection requests, following up, and keeping track of replies. It quickly started eating up my weeks and","Hey Ecstatic-Link4910 — saw your post about How I Cut 10+ Hours a Week from LinkedIn Outreach Using AI. This is a problem AXON is built to solve: AI outreach that finds the right leads and sends personalised messages that actually get replies. Launching in 2 weeks with 40% off for 20 founding members. What does your current customer acquisition look like?","pending","2026-03-14"
"mydrop_ai","reddit","https://www.reddit.com/r/B2BEventMarketing/comments/1rs796n/heres_how_strong_postevent_followup_turns_leads","You can run a flawless event, collect a stack of business cards, and still leave the room empty-handed. The reason is simple: leads from events are context-rich and time-sensitive. If you don’t reconnect the context quickly and thoughtfully, interest","Hey mydrop_ai — saw your post about Here's how strong post-event follow-up turns leads into conv. This is a problem AXON is built to solve: AI outreach that finds the right leads and sends personalised messages that actually get replies. Launching in 2 weeks with 40% off for 20 founding members. What does your current customer acquisition look like?","pending","2026-03-14"
"This-Independence-68","reddit","https://www.reddit.com/r/Affiliatemarketing/comments/1rs764t/finding_niche_buyers_on_reddit_without_spending","hey everyone, just wanted to share something that's been working for me lately. for a while, I was really struggling to find good leads, especially for some of my more niche affiliate offers. I'd spend hours manually sifting through subreddits, tryin","Hey This-Independence-68 — read your post about finding niche buyers on reddit without spending all day sear. Distribution is the hardest part of early SaaS — most builders are great at product and terrible at outbound. AXON handles the outbound side: verified leads, AI-personalised emails, automated follow-ups. Launching in 2 weeks with 20 founding spots at 40% off. Have you tried cold outreach yet or been focused on inbound?","pending","2026-03-14"
"ClearNorthDigital","reddit","https://www.reddit.com/r/freelance_forhire/comments/1rs70x6/hiring_looking_for_dedicated_vas","We are Clear North Digital, a web design agency that helps businesses get professional websites done quickly and affordably.   We are looking for dedicated Virtual Assistants who can find business owners that need websites and connect them with us.  ","Hey ClearNorthDigital — saw your post about [HIRING] Looking for DEDICATED VAs. This is a problem AXON is built to solve: AI outreach that finds the right leads and sends personalised messages that actually get replies. Launching in 2 weeks with 40% off for 20 founding members. What does your current customer acquisition look like?","pending","2026-03-14"
"ClearNorthDigital","reddit","https://www.reddit.com/r/jobhunting/comments/1rs6ykw/hiring_looking_for_dedicated_vas","We are Clear North Digital, a web design agency that helps businesses get professional websites done quickly and affordably.   We are looking for dedicated Virtual Assistants who can find business owners that need websites and connect them with us.  ","Hey ClearNorthDigital — saw your post about [HIRING] Looking for DEDICATED VAs. This is a problem AXON is built to solve: AI outreach that finds the right leads and sends personalised messages that actually get replies. Launching in 2 weeks with 40% off for 20 founding members. What does your current customer acquisition look like?","pending","2026-03-14"
"Cnye36","reddit","https://www.reddit.com/r/nocode/comments/1rs6uko/i_timed_myself_building_a_nocode_ai_agent_it_took","I've been building AI automation tools for a while and kept getting annoyed at how long it takes to actually get an agent working.   So I tried an experiment while building my own no-code agent builder:   How fast could I go from nothing → working AI","Hey Cnye36 — saw your post about I timed myself building a no-code AI agent. It took 95 secon. This is a problem AXON is built to solve: AI outreach that finds the right leads and sends personalised messages that actually get replies. Launching in 2 weeks with 40% off for 20 founding members. What does your current customer acquisition look like?","pending","2026-03-14"
"ClearNorthDigital","reddit","https://www.reddit.com/r/VAjobsPH/comments/1rs5q6c/hiring_looking_for_dedicated_virtual_assistant","Description:     We are Clear North Digital, a web design agency that helps businesses get professional websites done quickly and affordably.   We are looking for dedicated Virtual Assistants who can find business owners that need websites and connec","Hey ClearNorthDigital — saw your post about [HIRING] Looking for Dedicated Virtual Assistant (COMMISSION. This is a problem AXON is built to solve: AI outreach that finds the right leads and sends personalised messages that actually get replies. Launching in 2 weeks with 40% off for 20 founding members. What does your current customer acquisition look like?","pending","2026-03-14"
"InfoWizards","reddit","https://www.reddit.com/r/DigitalProductSellers/comments/1rs5hvg/i_found_someone_charging_90_for_ai_pet_portraits","stumbled on an account last week that's selling AI-generated pet portraits to people whose dogs just died. felt weird at first. then I looked at the numbers.   the niche is pet memorial content. somebody's dog passes away, they're up at 2am scrolling","Hey InfoWizards — saw your post about I found someone charging $90 for AI pet portraits and the en. This is a problem AXON is built to solve: AI outreach that finds the right leads and sends personalised messages that actually get replies. Launching in 2 weeks with 40% off for 20 founding members. What does your current customer acquisition look like?","pending","2026-03-14"
"ClearNorthDigital","reddit","https://www.reddit.com/r/onlineservicesPH/comments/1rs5g91/hiring_looking_for_va","Description:     We are Clear North Digital, a web design agency that helps businesses get professional websites done quickly and affordably.   We are looking for dedicated Virtual Assistants who can find business owners that need websites and connec","Hey ClearNorthDigital — saw your post about [HIRING] Looking for VA. This is a problem AXON is built to solve: AI outreach that finds the right leads and sends personalised messages that actually get replies. Launching in 2 weeks with 40% off for 20 founding members. What does your current customer acquisition look like?","pending","2026-03-14"
"Interesting-squid007","reddit","https://www.reddit.com/r/Homeschooling/comments/1rs4qiu/need_help_with_homeschooling_in_california","I’m not sure if this is the right place for this but I kind of just need any and all advice that could be given regarding homeschooling. I live in California, in Los Angeles county if that matters. I have a 8 year old son who was diagnosed with ADHD ","Hey Interesting-squid007 — saw your post about Need help with homeschooling in California. This is a problem AXON is built to solve: AI outreach that finds the right leads and sends personalised messages that actually get replies. Launching in 2 weeks with 40% off for 20 founding members. What does your current customer acquisition look like?","pending","2026-03-14"
"advancedleadgen","reddit","https://www.reddit.com/r/LeadGeneration","Lead Generation and all its broader facets. Your community for Lead Generation discussions, help &amp; advice, content, questions, etc. A power house for both new &amp; experienced marketers to learn together. Buy/Sell/Trade posts should be made at o","Hey advancedleadgen — noticed your post about Lead Generation. Lead gen being this hard usually means the top-of-funnel is broken — wrong list, generic message, or both. AXON fixes both: it finds verified leads in your ICP and writes personalised outreach for each one. Launching in 2 weeks, 40% off for 20 founding members. What does your ICP look like?","pending","2026-03-14"
"leadg3njay","reddit","https://www.reddit.com/r/leadgeninsiders","Learn how to generate b2b leads using cold email automation and AI lead generation tactics. By Lead Gen Jay.      [link]","Hey leadg3njay — saw your post about leadgeninsiders. Cold email reply rates have cratered industry-wide — the problem is usually personalisation at scale. AXON is an AI outreach tool that researches each prospect and writes emails that actually reference their situation — typically 3-5x higher reply rates. Launching in 2 weeks with 20 founding spots at 40% off forever. What's your current send volume?","pending","2026-03-14"
"Ausbel80","reddit","https://www.reddit.com/r/BlackboxAI_/comments/1rsvt38/building_a_smart_test_case_generator_for_edge","While working on a small utility project recently, I noticed something interesting about how most developers write tests. The basic functionality usually gets tested, but edge cases often slip through until something breaks in production.   I decided","Hey Ausbel80 — saw your post about Building a Smart Test Case Generator for Edge Cases. This is a problem AXON is built to solve: AI outreach that finds the right leads and sends personalised messages that actually get replies. Launching in 2 weeks with 40% off for 20 founding members. What does your current customer acquisition look like?","pending","2026-03-14"
"milldrive","reddit","https://www.reddit.com/r/WealthWithCrypto/comments/1rsvm1d/elementex_review_ai_crypto_trading_platform_or","Every year the crypto industry introduces a brand-new miracle.   One year it was  DeFi yield farming .   Another year it was  NFT flipping .   Then came  AI trading bots  promising fully automated profits.   And now… we have  Elementex .   A crypto i","Hey milldrive — saw your post about ⚠️ Elementex Review — AI Crypto Trading Platform or Another . This is a problem AXON is built to solve: AI outreach that finds the right leads and sends personalised messages that actually get replies. Launching in 2 weeks with 40% off for 20 founding members. What does your current customer acquisition look like?","pending","2026-03-14"
"wizard213","reddit","https://www.reddit.com/r/RocketLeagueEsports/comments/1rsve7k/rlfs_s5_sim_1_results_swiss_round_1","The Rocket League Fantasy Series (RLFS) is a 16-team Rocket League Tournament, where RL players have been fantasy-drafted to teams by users of this subreddit. The RLFS uses reddit polls to determine the odds each team has of winning the series throug","Hey wizard213 — saw your post about RLFS S5: Sim 1 Results [Swiss - Round 1]. This is a problem AXON is built to solve: AI outreach that finds the right leads and sends personalised messages that actually get replies. Launching in 2 weeks with 40% off for 20 founding members. What does your current customer acquisition look like?","pending","2026-03-14"
"Different_Fruit_6311","reddit","https://www.reddit.com/r/MenInModernDating/comments/1rsva3j/how_to_change_your_life_more_than_talent_or_luck","Look, I've spent years studying what separates people who crush their goals from people who keep making excuses. I've gone through countless books, research papers, podcasts with top performers, and you know what? There's this one principle that keep","Hey Different_Fruit_6311 — saw your post about How to Change Your Life More Than Talent or Luck: The Psycho. This is a problem AXON is built to solve: AI outreach that finds the right leads and sends personalised messages that actually get replies. Launching in 2 weeks with 40% off for 20 founding members. What does your current customer acquisition look like?","pending","2026-03-14"
"minimarketuk","reddit","https://www.reddit.com/r/u_minimarketuk/comments/1rsv6l8/global_news_summary_13_march_2026","📰 Main Headline: Escalation in the Middle East Conflict     A major  military escalation between Iran, Israel, and allied forces  continues to dominate global headlines. Israeli strikes have targeted Iranian nuclear infrastructure and senior scientis","Hey minimarketuk — saw your post about Global News Summary — 13 March 2026. This is a problem AXON is built to solve: AI outreach that finds the right leads and sends personalised messages that actually get replies. Launching in 2 weeks with 40% off for 20 founding members. What does your current customer acquisition look like?","pending","2026-03-14"
"aw1219","reddit","https://www.reddit.com/r/Workersonboard/comments/1rsv1gj/work_from_home_jobs_weekly_pay_some_nonphone","Find and apply to remote jobs where you don't have to wait weeks or months to get paid. I put together a BIG list of legit remote jobs that pay  weekly , are hiring  NOW , and include both  phone  and  non‑phone  options. Best part?  Many hire worldw","Hey aw1219 — saw your post about Work from Home Jobs - Weekly Pay (Some Non‑Phone + Worldwide. This is a problem AXON is built to solve: AI outreach that finds the right leads and sends personalised messages that actually get replies. Launching in 2 weeks with 40% off for 20 founding members. What does your current customer acquisition look like?","pending","2026-03-14"
"wanda999","reddit","https://www.reddit.com/r/FreeSpeech/comments/1rsuvgy/the_women_leaving_the_new_right_defectors_say_the","This is embarrassing to admit, but I think I fell in with the right wing as an aesthetic choice initially,” says Anna. For several years a celebrated pundit of the New Right — a movement of young conservatives at war with the old GOP Establishment — ","Hey wanda999 — saw your post about The Women Leaving the New Right: Defectors say the movement . This is a problem AXON is built to solve: AI outreach that finds the right leads and sends personalised messages that actually get replies. Launching in 2 weeks with 40% off for 20 founding members. What does your current customer acquisition look like?","pending","2026-03-14"
"EgosanCares","reddit","https://www.reddit.com/r/u_EgosanCares/comments/1rsuutu/brief_pad_diaper_the_heartfelt_but_conflicting","Paying attention to our words is a sign of respect for the feelings of others. Considering the stigma that accompanies adult incontinence, it’s no wonder that considerate caregivers of older adults use words like “pad” and “brief” to describe the pro","Hey EgosanCares — saw your post about Brief? Pad? Diaper? The Heartfelt but Conflicting Efforts to. This is a problem AXON is built to solve: AI outreach that finds the right leads and sends personalised messages that actually get replies. Launching in 2 weeks with 40% off for 20 founding members. What does your current customer acquisition look like?","pending","2026-03-14"
"ShopProp","reddit","https://www.reddit.com/r/BayAreaRealEstate/comments/1rsuup0/open_houses_benefit_agents_far_more_than_sellers","https://www.nar.realtor/sites/default/files/2025-11/2025-profile-of-home-buyers-and-sellers-highlights-11-04-2025.pdf?mod=article\_inline    According to the 2025 NAR Home Buyer &amp; Seller report, most buyers are not actually finding homes through ","Hey ShopProp — saw your post about Open houses benefit agents far more than sellers. This is a problem AXON is built to solve: AI outreach that finds the right leads and sends personalised messages that actually get replies. Launching in 2 weeks with 40% off for 20 founding members. What does your current customer acquisition look like?","pending","2026-03-14"
"Subsourian","reddit","https://www.reddit.com/r/starcraft/comments/1rsurb1/lore_of_the_starcraft_tabletop_miniatures_game","Hey all!   So as you know the  StarCraft Tabletop Miniatures Game  just announced preorders. And I got to help give feedback on a lot of the abilities and names! Which is very exciting, Archon are very much lore fans and were really receptive to feed","Hey Subsourian — saw your post about Lore of the StarCraft Tabletop Miniatures Game - The Terrans. This is a problem AXON is built to solve: AI outreach that finds the right leads and sends personalised messages that actually get replies. Launching in 2 weeks with 40% off for 20 founding members. What does your current customer acquisition look like?","pending","2026-03-14"
"Subsourian","reddit","https://www.reddit.com/r/StarCraftTMG/comments/1rsums8/starcraft_tmg_lore_the_terrans","Hey all! So as you know the  StarCraft Tabletop Miniatures Game  just announced preorders. And I got to help give feedback on a lot of the abilities and names! Which is very exciting, Archon are very much lore fans and were really receptive to feedba","Hey Subsourian — saw your post about StarCraft TMG Lore - The Terrans. This is a problem AXON is built to solve: AI outreach that finds the right leads and sends personalised messages that actually get replies. Launching in 2 weeks with 40% off for 20 founding members. What does your current customer acquisition look like?","pending","2026-03-14"
"GelliusAI","reddit","https://www.reddit.com/r/WritingWithAI/comments/1rsudza/one_chat_is_never_enough_my_fourchat_method_for","Anyone writing a novel with AI knows the feeling:  one chat is never enough.  Research questions bleed into the plot, image generation breaks your flow, and before long you've lost the thread entirely. My solution is a  four-chat model  I've develope","Hey GelliusAI — saw your post about One Chat Is Never Enough: My Four-Chat Method for Writing wi. This is a problem AXON is built to solve: AI outreach that finds the right leads and sends personalised messages that actually get replies. Launching in 2 weeks with 40% off for 20 founding members. What does your current customer acquisition look like?","pending","2026-03-14"
"WelfarestheGOAT","reddit","https://www.reddit.com/r/u_WelfarestheGOAT/comments/1rsu4oh/midnight_and_the_sloppification_of_the_modern","I’ve had the most fun playing WoW in Midnight than in any other expansion of recent memory; I’ve been here since before Classic was classic, when it was just World of Warcraft and I was an 11-year old or-so kid running random people through Wailing C","Hey WelfarestheGOAT — saw your post about Midnight, and the Sloppification of the Modern Expansion. This is a problem AXON is built to solve: AI outreach that finds the right leads and sends personalised messages that actually get replies. Launching in 2 weeks with 40% off for 20 founding members. What does your current customer acquisition look like?","pending","2026-03-14"
"JamMasterJulian","reddit","https://www.reddit.com/r/AISEOInsider/comments/1rstzt8/nvidia_nemo_claw_ai_agents_quietly_enter_the_ai","Nvidia Nemo Claw AI Agents just dropped and this could be one of the most interesting AI automation platforms released this year.   Instead of basic chatbots that respond to prompts, Nvidia Nemo Claw AI Agents are designed to run workflows and comple","Hey JamMasterJulian — saw your post about Nvidia Nemo Claw AI Agents Quietly Enter The AI Agent Race. This is a problem AXON is built to solve: AI outreach that finds the right leads and sends personalised messages that actually get replies. Launching in 2 weeks with 40% off for 20 founding members. What does your current customer acquisition look like?","pending","2026-03-14"
"filipboksa","reddit","https://www.reddit.com/r/NoBSEntrepreneurship/comments/1rstwyf/how_i_built_a_15m_cleaning_company_in_chicago_3","Starting a cleaning business is often presented as simple, but scaling one into a real company is a different challenge.   I built a residential cleaning company in Chicago called  King of Maids , and over time it generated more than  $15M in revenue","Hey filipboksa — saw your post about How I Built a $15M Cleaning Company in Chicago (3 Things Tha. This is a problem AXON is built to solve: AI outreach that finds the right leads and sends personalised messages that actually get replies. Launching in 2 weeks with 40% off for 20 founding members. What does your current customer acquisition look like?","pending","2026-03-14"
"FormerIYI","reddit","https://www.reddit.com/r/CatholicPhilosophy/comments/1rston9/underrated_value_of_confucian_philosophy_why","Recently I took up Confucian classical Four Books and Ricci's &quot;True Meaning of the Lord of Heavens&quot; (I am from Central Europe FYI) and I greatly enjoyed this read, seeing also how this philosophy could clarify some things in our social and ","Hey FormerIYI — saw your post about Underrated value of Confucian philosophy. Why Enlightenment . This is a problem AXON is built to solve: AI outreach that finds the right leads and sends personalised messages that actually get replies. Launching in 2 weeks with 40% off for 20 founding members. What does your current customer acquisition look like?","pending","2026-03-14"
"TheDogeDom","reddit","https://www.reddit.com/r/SaaS/comments/1rstl6c/pivoting_a_viral_novelty_into_a_b2b_saas_how_i","Hey community,   A few weeks ago, I launched a weird bootstrapped experiment called FameClock. I sliced the 24-hour day into 1,440 tradeable minutes. Instead of traditional ad space, users buy a specific minute (e.g., 14:20). When the global clock hi","Hey TheDogeDom — saw your post about Pivoting a viral novelty into a B2B SaaS: How I added Expans. This is a problem AXON is built to solve: AI outreach that finds the right leads and sends personalised messages that actually get replies. Launching in 2 weeks with 40% off for 20 founding members. What does your current customer acquisition look like?","pending","2026-03-14"
"Sweaty-Associate8209","reddit","https://www.reddit.com/r/CFP/comments/1rstk4f/smartvestor_via_ramsey_solutions","Has anyone used the SmartVestor lead generation service via Ramsey Solutions?    I am 10 months into being independent/RIA and while it does have a relatively high monthly price tag, I am considering signing up based on my two convos with the company","Hey Sweaty-Associate8209 — noticed your post about SmartVestor via Ramsey Solutions. Lead gen being this hard usually means the top-of-funnel is broken — wrong list, generic message, or both. AXON fixes both: it finds verified leads in your ICP and writes personalised outreach for each one. Launching in 2 weeks, 40% off for 20 founding members. What does your ICP look like?","pending","2026-03-14"
"UKGInc","reddit","https://www.reddit.com/r/u_UKGInc/comments/1rsthwy/10_questions_about_the_future_of_ai_in_the","Key Takeaways     Labor shortages are here to stay; AI helps us bridge the gap and create thriving, high-performing organizations.   High-quality, secure, and trusted data is the foundation of responsible, results-driven AI.   People-first AI improve","Hey UKGInc — saw your post about 10 Questions About the Future of AI in the Workplace. This is a problem AXON is built to solve: AI outreach that finds the right leads and sends personalised messages that actually get replies. Launching in 2 weeks with 40% off for 20 founding members. What does your current customer acquisition look like?","pending","2026-03-14"
"Effective_Theme_5739","reddit","https://www.reddit.com/r/chanceme/comments/1rstcpx/chance_a_prospective_diplomat_shotgunning_t20s","Junior applying next year for Government major   Hooks: faculty parent at one school, third generation legacy at another, US citizen living in Europe with multiple citizenships   Academics: 43/45 IBDP predicted score (English A HL 7, Language B HL 7,","Hey Effective_Theme_5739 — saw your post about Chance a prospective diplomat shotgunning T20s. This is a problem AXON is built to solve: AI outreach that finds the right leads and sends personalised messages that actually get replies. Launching in 2 weeks with 40% off for 20 founding members. What does your current customer acquisition look like?","pending","2026-03-14"
"Cin7software","reddit","https://www.reddit.com/r/u_Cin7software/comments/1rst6xs/when_did_spreadsheets_stop_working_for_your","A lot of product businesses start forecasting inventory in spreadsheets. And early on, it works fine.   But as you scale, forecasting gets messy fast. Suddenly you're dealing with things like:     Sales across multiple channels (Shopify, Amazon, whol","Hey Cin7software — saw your post about When did spreadsheets stop working for your inventory foreca. This is a problem AXON is built to solve: AI outreach that finds the right leads and sends personalised messages that actually get replies. Launching in 2 weeks with 40% off for 20 founding members. What does your current customer acquisition look like?","pending","2026-03-14"
"luckyhorse19691969","reddit","https://www.reddit.com/r/AffiliateMarket/comments/1rst5aa/where_affiliate_marketers_buy_traffic_in_2026","One of the first questions new affiliate marketers ask is:    Where do you actually get traffic?    Traffic is the fuel that powers every online business. Without visitors, even the best products won’t generate sales.   Below are some of the most com","Hey luckyhorse19691969 — saw your post about Where Affiliate Marketers Buy Traffic in 2026. This is a problem AXON is built to solve: AI outreach that finds the right leads and sends personalised messages that actually get replies. Launching in 2 weeks with 40% off for 20 founding members. What does your current customer acquisition look like?","pending","2026-03-14"
"Roses-key","reddit","https://www.reddit.com/r/LTDspro/comments/1rst0ul/do_more_with_a_nocode_ai_workforce_explore_teampal","Managing teams around the clock is exhausting and slows your growth. Good thing TeamPal can clone your best members into tireless AI agents that handle tasks without any coding.    https://preview.redd.it/4trmxgadvtog1.png?width=1280&amp;format=png&a","Hey Roses-key — saw your post about Do more with a no-code, AI workforce, Explore TeamPal. This is a problem AXON is built to solve: AI outreach that finds the right leads and sends personalised messages that actually get replies. Launching in 2 weeks with 40% off for 20 founding members. What does your current customer acquisition look like?","pending","2026-03-14"
"Your-ownrisk","reddit","https://www.reddit.com/r/CTsandbox/comments/1rssyy3/oc_character_and_ct","Character name is Silas Mercer This is his unique &quot;battery&quot; mechanic and his &quot;glass-cannon&quot; nature. OC Profile: Silas Mercer Grade: 1 (Experimental) Role: Technical Duelist / Kinetic Specialist . The Lore: The Wandering Anchor Aft","Hey Your-ownrisk — saw your post about OC Character and CT. This is a problem AXON is built to solve: AI outreach that finds the right leads and sends personalised messages that actually get replies. Launching in 2 weeks with 40% off for 20 founding members. What does your current customer acquisition look like?","pending","2026-03-14"
"harfunmaulaa","reddit","https://www.reddit.com/r/SocialMediaMarketing/comments/1rssydy/need_ideas_for_posting","Hi, so I run the Instagram page for my architecture firm and currently have 90k followers. I want to grow to 100k as fast as possible, but I’m hitting some roadblocks:    • I feel like I’m running out of content ideas. Most ideas online feel generic.","Hey harfunmaulaa — saw your post about Need ideas for posting. This is a problem AXON is built to solve: AI outreach that finds the right leads and sends personalised messages that actually get replies. Launching in 2 weeks with 40% off for 20 founding members. What does your current customer acquisition look like?","pending","2026-03-14"
"NeinNine999","reddit","https://www.reddit.com/r/EmptyContinents/comments/1rssrau/the_great_dream_of_unity_2198_children_of_nyanza","Many things can change over the course of seven decades. And just as many can stay the same. Around the Great Lakes, both are true. The states that had solidified at the beginning of the 22 nd  century still exist, though their form may have been cha","Hey NeinNine999 — saw your post about The Great Dream of Unity - 2198 (Children of Nyanza Part 6). This is a problem AXON is built to solve: AI outreach that finds the right leads and sends personalised messages that actually get replies. Launching in 2 weeks with 40% off for 20 founding members. What does your current customer acquisition look like?","pending","2026-03-14"
"ValeriusPublicoa","reddit","https://www.reddit.com/r/ProgressiveHQ/comments/1rssrae/the_invisible_government_is_no_longer_invisible","In 1912, a former president stood in front of ten thousand people in Chicago and told them something they already knew: that behind the government they could see, there was another one they couldn’t. An invisible government. Unelected, unaccountable,","Hey ValeriusPublicoa — saw your post about The Invisible Government Is No Longer Invisible. It Has Been. This is a problem AXON is built to solve: AI outreach that finds the right leads and sends personalised messages that actually get replies. Launching in 2 weeks with 40% off for 20 founding members. What does your current customer acquisition look like?","pending","2026-03-14"
"Some-Key1672","reddit","https://www.reddit.com/r/freelance_forhire/comments/1rssns8/for_hire_full_stack_web_developer_small_business","200 flat rate, no monthly fees, no subscriptions.   US based full stack dev looking to take on more small business clients at a discounted rate. Just finished building a lead generation mortgage site connected to Google Analytics to track traffic wit","Hey Some-Key1672 — noticed your post about [For Hire] Full Stack Web Developer – Small Business Website. Lead gen being this hard usually means the top-of-funnel is broken — wrong list, generic message, or both. AXON fixes both: it finds verified leads in your ICP and writes personalised outreach for each one. Launching in 2 weeks, 40% off for 20 founding members. What does your ICP look like?","pending","2026-03-14"
"Mamuthone125","reddit","https://www.reddit.com/r/EverHint/comments/1rsslnr/everhint_stock_market_news_march_13_2026_morning","Executive Summary   U.S. markets opened mixed Friday following Thursday's sharp selloff as investors absorbed cascading corporate crises: Adobe shares fell another 6% extending losses to 11% over two sessions after longtime CEO Shantanu Narayen's exi","Hey Mamuthone125 — saw your post about EverHint - Stock Market News — March 13, 2026 — Morning Upda. This is a problem AXON is built to solve: AI outreach that finds the right leads and sends personalised messages that actually get replies. Launching in 2 weeks with 40% off for 20 founding members. What does your current customer acquisition look like?","pending","2026-03-14"
"JamMasterJulian","reddit","https://www.reddit.com/r/AISEOInsider/comments/1rssj6n/gemini_ai_new_features_that_change_how_people_use","Gemini AI New Features just rolled out across Google’s ecosystem and most people barely noticed how big these upgrades actually are.   Several of these tools now turn normal workflows into automated systems that build videos, visuals, and documents a","Hey JamMasterJulian — saw your post about Gemini AI New Features That Change How People Use Google. This is a problem AXON is built to solve: AI outreach that finds the right leads and sends personalised messages that actually get replies. Launching in 2 weeks with 40% off for 20 founding members. What does your current customer acquisition look like?","pending","2026-03-14"
"whitanfox","reddit","https://www.reddit.com/r/UNCY/comments/1rssasq/uncy_an_aigenerated_investment_thesis","Disclosure: This article was written entirely by Claude Opus (Anthropic) synthesizing six AI-generated deep research due diligence reports. It is not financial advice. Readers should conduct their own due diligence and consult a qualified financial a","Hey whitanfox — saw your post about UNCY - An AI-Generated Investment Thesis. This is a problem AXON is built to solve: AI outreach that finds the right leads and sends personalised messages that actually get replies. Launching in 2 weeks with 40% off for 20 founding members. What does your current customer acquisition look like?","pending","2026-03-14"
"Childhood907","reddit","https://www.reddit.com/r/GrowthHacking/comments/1rss94r/are_reputation_management_platforms_the_new","Reputation management platforms are increasingly influencing local search visibility. Businesses listed on multiple platforms with strong review profiles often rank above their own websites in Google.  Focusing on review aggregation, star ratings, an","Hey Childhood907 — saw your post about Are reputation management platforms the new growth channel f. This is a problem AXON is built to solve: AI outreach that finds the right leads and sends personalised messages that actually get replies. Launching in 2 weeks with 40% off for 20 founding members. What does your current customer acquisition look like?","pending","2026-03-14"
"mazinscales","reddit","https://www.reddit.com/r/FacebookAds/comments/1rss613/i_tested_50_offers_for_highticket_services_heres","I’ve built an insane amount of offers for high ticket services, coaching and programs.   And when you’ve built many offers, you start to notice one thing which is:   The ads that get high-quality leads is NOT because of a specific campaign structure,","Hey mazinscales — saw your post about I tested 50 offers for high-ticket services. Here's what gen. This is a problem AXON is built to solve: AI outreach that finds the right leads and sends personalised messages that actually get replies. Launching in 2 weeks with 40% off for 20 founding members. What does your current customer acquisition look like?","pending","2026-03-14"
"Time-Educator-8336","reddit","https://www.reddit.com/r/marketing/comments/1rss5hr/online_reputation_management_overlooked_growth","Strong profiles on review platforms can outperform business websites in search results. Reputation management may be a low cost, high impact strategy for local and small businesses.    What tactics or experiments have you found most effective in leve","Hey Time-Educator-8336 — noticed your post about Online reputation management overlooked growth channel?. Lead gen being this hard usually means the top-of-funnel is broken — wrong list, generic message, or both. AXON fixes both: it finds verified leads in your ICP and writes personalised outreach for each one. Launching in 2 weeks, 40% off for 20 founding members. What does your ICP look like?","pending","2026-03-14"
"fitmanagement","reddit","https://www.reddit.com/r/u_fitmanagement/comments/1rsryj3/seo_is_dead_aeo_is_taking_over","What Every Gym Owner Must Understand Before Your Competitor Steals Your Traffic**   If you’re an independent gym owner, boutique studio operator, gym entrepreneur, or personal trainer, there’s a silent shift happening in marketing right now.   And mo","Hey fitmanagement — saw your post about “SEO Is Dead. AEO Is Taking Over.”. This is a problem AXON is built to solve: AI outreach that finds the right leads and sends personalised messages that actually get replies. Launching in 2 weeks with 40% off for 20 founding members. What does your current customer acquisition look like?","pending","2026-03-14"
"nickfb76","reddit","https://www.reddit.com/r/seojobs/comments/1rsrv6x/global_seo_specialist_seoaigeo","------- JOB DESCRIPTION DETAILS ----\ Job Description\ \ \ Biointron is a global antibody services CRO seeking a client-facing, detail-oriented, and self-starting Marketing Associate to join our fast-growing team. Reporting directly to the Marketing ","Hey nickfb76 — saw your post about Global SEO Specialist (SEO/AI/GEO). This is a problem AXON is built to solve: AI outreach that finds the right leads and sends personalised messages that actually get replies. Launching in 2 weeks with 40% off for 20 founding members. What does your current customer acquisition look like?","pending","2026-03-14"
"Altruistic-Living309","reddit","https://www.reddit.com/r/GTARP/comments/1rsr7z6/seeking_creative_team_members_for_serious_rp","I am seeking two or three creative individuals to help define the vision for an ambitious FiveM server project.   The server will offer a unique serious RP experience, inspired by NoPixel and Prodigy RP, while establishing its own identity. Our goal ","Hey Altruistic-Living309 — saw your post about Seeking Creative Team Members for Serious RP FiveM Server. This is a problem AXON is built to solve: AI outreach that finds the right leads and sends personalised messages that actually get replies. Launching in 2 weeks with 40% off for 20 founding members. What does your current customer acquisition look like?","pending","2026-03-14"
"WoodpeckerGlass7623","reddit","https://www.reddit.com/r/SillimanPH/comments/1rsr60x/when_a_school_of_governance_struggle_with","Something feels deeply off in the School of Public Affairs and Governance right now. For a college that constantly speaks about producing future leaders, the reality on the ground feels very different. The institution proudly promotes the idea of for","Hey WoodpeckerGlass7623 — saw your post about When a school of governance struggle with governance. This is a problem AXON is built to solve: AI outreach that finds the right leads and sends personalised messages that actually get replies. Launching in 2 weeks with 40% off for 20 founding members. What does your current customer acquisition look like?","pending","2026-03-14"
"AttitudeTasty3880","reddit","https://www.reddit.com/r/forhire/comments/1rsr2q3/for_hire_lead_generation_for_local_businesses_via","Hi, I am a Digital Marketer particularly specializing in Google ads for service &amp; local businesses. If you are Looking to get potential leads for your local business, hit me up.   The pricing starts from $500/month further also depends on the ind","Hey AttitudeTasty3880 — noticed your post about [For Hire] Lead generation for Local businesses via Google a. Lead gen being this hard usually means the top-of-funnel is broken — wrong list, generic message, or both. AXON fixes both: it finds verified leads in your ICP and writes personalised outreach for each one. Launching in 2 weeks, 40% off for 20 founding members. What does your ICP look like?","pending","2026-03-14"
"insoniagarrafinha","reddit","https://www.reddit.com/r/vibecoding/comments/1rsqyks/making_frontend_actually_work","This  is saving my hair so much. Agents are so fucking horrible when doing front end tasks, and the last weeks I was doing my frontend manually 90% of the time, I'm glad someone actually took some time to creating skills.  My main issue were convinci","Hey insoniagarrafinha — saw your post about Making frontend actually work. This is a problem AXON is built to solve: AI outreach that finds the right leads and sends personalised messages that actually get replies. Launching in 2 weeks with 40% off for 20 founding members. What does your current customer acquisition look like?","pending","2026-03-14"
"Brave_Ad7450","reddit","https://www.reddit.com/r/Jeremy_Eveland/comments/1rsqu3d/what_are_the_5_ds_of_business_succession_planning","Understanding the 5 D's of Business Succession Planning   Business succession planning is crucial for any organization. It ensures a smooth transition when leadership changes occur, whether due to retirement, unexpected events, or strategic decisions","Hey Brave_Ad7450 — saw your post about What Are The 5 D's Of Business Succession Planning?. This is a problem AXON is built to solve: AI outreach that finds the right leads and sends personalised messages that actually get replies. Launching in 2 weeks with 40% off for 20 founding members. What does your current customer acquisition look like?","pending","2026-03-14"
"AutoModerator","reddit","https://www.reddit.com/r/webdesignfaq/comments/1rsqo40/malafaat_creating_websites_that_drive_real","Malafaat: Creating Websites That Drive Real Business Results   In today’s competitive digital marketplace, a website is no longer just an online brochure—it is a powerful business tool. Companies need websites that attract visitors, communicate value","Hey AutoModerator — saw your post about Malafaat: Creating Websites That Drive Real Business Results. This is a problem AXON is built to solve: AI outreach that finds the right leads and sends personalised messages that actually get replies. Launching in 2 weeks with 40% off for 20 founding members. What does your current customer acquisition look like?","pending","2026-03-14"
"AHanan07","reddit","https://www.reddit.com/r/Jobs4Bitcoins/comments/1rsqc5w/for_hire_i_will_be_your_professional_virtual","Do you have a Business? Are to busy working all the time? Looking for a Virtual Assistant who can handle all tasks for you?   Look no further!   I'm a Professional Virtual Assistant with more than 5 years of hands-on experience, I've worked with seve","Hey AHanan07 — saw your post about [For Hire] I will Be Your Professional Virtual Assistant For. This is a problem AXON is built to solve: AI outreach that finds the right leads and sends personalised messages that actually get replies. Launching in 2 weeks with 40% off for 20 founding members. What does your current customer acquisition look like?","pending","2026-03-14"
"AHanan07","reddit","https://www.reddit.com/r/slavelabour/comments/1rsqayo/offer_i_will_be_your_professional_virtual","Do you have a Business? Are to busy working all the time? Looking for a Virtual Assistant who can handle all tasks for you?   Look no further!   I'm a Professional Virtual Assistant with more than 5 years of hands-on experience, I've worked with seve","Hey AHanan07 — saw your post about [Offer] I will Be Your Professional Virtual Assistant For $6. This is a problem AXON is built to solve: AI outreach that finds the right leads and sends personalised messages that actually get replies. Launching in 2 weeks with 40% off for 20 founding members. What does your current customer acquisition look like?","pending","2026-03-14"
"AHanan07","reddit","https://www.reddit.com/r/CreatorServices/comments/1rsqase/for_hire_i_will_be_your_professional_virtual","Do you have a Business? Are to busy working all the time? Looking for a Virtual Assistant who can handle all tasks for you?   Look no further!   I'm a Professional Virtual Assistant with more than 5 years of hands-on experience, I've worked with seve","Hey AHanan07 — saw your post about [For Hire] I will Be Your Professional Virtual Assistant For. This is a problem AXON is built to solve: AI outreach that finds the right leads and sends personalised messages that actually get replies. Launching in 2 weeks with 40% off for 20 founding members. What does your current customer acquisition look like?","pending","2026-03-14"
"HattoriHanzo","reddit","https://www.reddit.com/r/learnpython","Subreddit for posting questions and asking for general advice about all topics related to learning python.      [link]","Hey HattoriHanzo — saw your post about Python Education. This is a problem AXON is built to solve: AI outreach that finds the right leads and sends personalised messages that actually get replies. Launching in 2 weeks with 40% off for 20 founding members. What does your current customer acquisition look like?","pending","2026-03-14"
"throwRAdatingadvice7","reddit","https://www.reddit.com/r/WhatShouldIDo/comments/1rsw4yp/the_more_i_repel_him_the_more_he_wants_to_return","I wrote a post some time back that how much i love him   Context:   “He was perfect for me in every sense possible. I am trying to trust the process. I am trying to see the bright side but it is tough. He is kind, sweet and funny. He showed love. He ","Hey throwRAdatingadvice7 — saw your post about The more i repel him, the more he wants to return and this i. This is a problem AXON is built to solve: AI outreach that finds the right leads and sends personalised messages that actually get replies. Launching in 2 weeks with 40% off for 20 founding members. What does your current customer acquisition look like?","pending","2026-03-14"
"mikey04321","reddit","https://www.reddit.com/r/AskGaybrosOver30/comments/1rsw3em/was_my_hookup_really_straight_and_using_me_or","I met a guy on Grindr and we hooked up. About a week later we hooked up again and exchanged numbers. After that we texted almost every night (mostly sexual) and he invited me over a couple more times. Eventually he started wanting to drink when we ho","Hey mikey04321 — read your post about Was my hookup really straight and using me or just strugglin. Distribution is the hardest part of early SaaS — most builders are great at product and terrible at outbound. AXON handles the outbound side: verified leads, AI-personalised emails, automated follow-ups. Launching in 2 weeks with 20 founding spots at 40% off. Have you tried cold outreach yet or been focused on inbound?","pending","2026-03-14"
"mikey04321","reddit","https://www.reddit.com/r/GayMen/comments/1rsw25v/was_my_hookup_really_straight_and_using_me_or","I met a guy on Grindr and we hooked up. About a week later we hooked up again and exchanged numbers. After that we texted almost every night (mostly sexual) and he invited me over a couple more times. Eventually he started wanting to drink when we ho","Hey mikey04321 — read your post about Was my hookup really straight and using me or just strugglin. Distribution is the hardest part of early SaaS — most builders are great at product and terrible at outbound. AXON handles the outbound side: verified leads, AI-personalised emails, automated follow-ups. Launching in 2 weeks with 20 founding spots at 40% off. Have you tried cold outreach yet or been focused on inbound?","pending","2026-03-14"
"bunnysplo0t","reddit","https://www.reddit.com/r/relationships/comments/1rsw24q/my_23f_partner_24nb_said_i_was_being_pushy_over","This is going to sound really dumb, Idk.    So me and my partner both play a lot of video games together. Lots of league, lots of competitive games, etc.   Ive always been really into overwatch and they have been pretty averse to it because of a real","Hey bunnysplo0t — saw your post about My (23f) partner (24nb) said I was being pushy over sending . This is a problem AXON is built to solve: AI outreach that finds the right leads and sends personalised messages that actually get replies. Launching in 2 weeks with 40% off for 20 founding members. What does your current customer acquisition look like?","pending","2026-03-14"
"Additional-War-4511","reddit","https://www.reddit.com/r/SaaS/comments/1rsw1z6/solo_founder_for_a_year_potential_cofounder","Looking for advice. I've been building a B2C SaaS for 12 months solo with zero salary and fully self funded. The product is already in production with 4 partners, raised a small SAFE round and currently applying to a few accelerators.   I brought in ","Hey Additional-War-4511 — saw your post about Solo founder for a year, potential cofounder asking for 50/5. This is a problem AXON is built to solve: AI outreach that finds the right leads and sends personalised messages that actually get replies. Launching in 2 weeks with 40% off for 20 founding members. What does your current customer acquisition look like?","pending","2026-03-14"
"Fabulous-Winner-6038","reddit","https://www.reddit.com/r/accenture_india/comments/1rsw0k1/accenture_kept_my_application_on_hold_due_to","Hi everyone, I need some advice regarding a situation with Accenture.   A few months ago I received an offer from Accenture, but at that time I had a medical issue and wasn’t fit to join. I informed the HR about it and they said they would keep my ap","Hey Fabulous-Winner-6038 — saw your post about Accenture kept my application on hold due to medical issue H. This is a problem AXON is built to solve: AI outreach that finds the right leads and sends personalised messages that actually get replies. Launching in 2 weeks with 40% off for 20 founding members. What does your current customer acquisition look like?","pending","2026-03-14"
"bunnysplo0t","reddit","https://www.reddit.com/r/AmIOverreacting/comments/1rsw0ck/aio_over_my_23f_partner_24nb_getting_mad_at_me","This is going to sound really dumb, Idk.    So me and my partner both play a lot of video games together. Lots of league, lots of competitive games, etc.   Ive always been really into overwatch and they have been pretty averse to it because of a real","Hey bunnysplo0t — saw your post about AIO over my (23f) partner (24nb) getting mad at me for sendi. This is a problem AXON is built to solve: AI outreach that finds the right leads and sends personalised messages that actually get replies. Launching in 2 weeks with 40% off for 20 founding members. What does your current customer acquisition look like?","pending","2026-03-14"
"nevermind_0919","reddit","https://www.reddit.com/r/AskIndianMen/comments/1rsvyqe/abt_my_love_confessionwhats_ur_advice","I am not using chatgpt to explain this and plz don't mention my grammatical mistakes and English .   So basically i had a huge liking for a guy in my class when I was in 1st PUC , he was my first crush and my first love( From 6thTill 10th i studied i","Hey nevermind_0919 — saw your post about Abt my love confession.whats ur advice?. This is a problem AXON is built to solve: AI outreach that finds the right leads and sends personalised messages that actually get replies. Launching in 2 weeks with 40% off for 20 founding members. What does your current customer acquisition look like?","pending","2026-03-14"
"Top_Imagination3577","reddit","https://www.reddit.com/r/FearfulAvoidants/comments/1rsvyit/need_advice","Need advice   Hi. I am not looking to told to just leave him or that we are inmature. I know we are inmature in the way we handle conflict. I guess I want other fearful-avoidants to help me understand the situation.    My husband and I have been marr","Hey Top_Imagination3577 — saw your post about need advice. This is a problem AXON is built to solve: AI outreach that finds the right leads and sends personalised messages that actually get replies. Launching in 2 weeks with 40% off for 20 founding members. What does your current customer acquisition look like?","pending","2026-03-14"
"mikey04321","reddit","https://www.reddit.com/r/askgaybros/comments/1rsvyf5/was_my_hookup_really_straight_and_using_me_or","I met a guy on Grindr and we hooked up. About a week later we hooked up again and exchanged numbers. After that we texted almost every night (mostly sexual) and he invited me over a couple more times. Eventually he started wanting to drink when we ho","Hey mikey04321 — read your post about Was my hookup really straight and using me or just strugglin. Distribution is the hardest part of early SaaS — most builders are great at product and terrible at outbound. AXON handles the outbound side: verified leads, AI-personalised emails, automated follow-ups. Launching in 2 weeks with 20 founding spots at 40% off. Have you tried cold outreach yet or been focused on inbound?","pending","2026-03-14"
"throwaway_sad_3326","reddit","https://www.reddit.com/r/Situationships/comments/1rsvv4f/my_situationship_22m_ended_things_with_me_20m_to","So on Monday I was not feeling good emotionally. For the past few weeks I was stressed with typical college student stuff: work, wondering if I picked the right major, money, no social life blah blah blah. Oh, and my ex texted me all mad so that wasn","Hey throwaway_sad_3326 — saw your post about My situationship (22M) ended things with me (20M) to go back. This is a problem AXON is built to solve: AI outreach that finds the right leads and sends personalised messages that actually get replies. Launching in 2 weeks with 40% off for 20 founding members. What does your current customer acquisition look like?","pending","2026-03-14"
"Gunprofit1177","reddit","https://www.reddit.com/r/story/comments/1rsvugd/unheard_voices","Chapter 10: The Silence Breaks   David   The mic blinked red—recording.   David leaned forward, voice low, calm, but electric with tension.   “You’re about to hear something I’ve never done on this podcast before. Not just a case. Not just a story. B","Hey Gunprofit1177 — saw your post about Unheard Voices. This is a problem AXON is built to solve: AI outreach that finds the right leads and sends personalised messages that actually get replies. Launching in 2 weeks with 40% off for 20 founding members. What does your current customer acquisition look like?","pending","2026-03-14"
"Gunprofit1177","reddit","https://www.reddit.com/r/TalesFromTheCreeps/comments/1rsvu81/unheard_voices","Chapter 10: The Silence Breaks   David   The mic blinked red—recording.   David leaned forward, voice low, calm, but electric with tension.   “You’re about to hear something I’ve never done on this podcast before. Not just a case. Not just a story. B","Hey Gunprofit1177 — saw your post about Unheard Voices. This is a problem AXON is built to solve: AI outreach that finds the right leads and sends personalised messages that actually get replies. Launching in 2 weeks with 40% off for 20 founding members. What does your current customer acquisition look like?","pending","2026-03-14"
"Demondoggo25","reddit","https://www.reddit.com/r/EvilFountainOpeners/comments/1rsvu24/ooc_i_feel_kinda_guilty_for_halfstarting_a_whole","The package posting is what killed me due to the light sealing the fountain, but because I posted about it I started a whole ass war... I'm sorry :(   I may leave RP, not because I want to, but because I literally have no more characters. No way to r","Hey Demondoggo25 — saw your post about OOC: I feel kinda guilty for half-starting a whole ass war. This is a problem AXON is built to solve: AI outreach that finds the right leads and sends personalised messages that actually get replies. Launching in 2 weeks with 40% off for 20 founding members. What does your current customer acquisition look like?","pending","2026-03-14"
"Evening-Status3163","reddit","https://www.reddit.com/r/GirlDinnerDiaries/comments/1rsvt7a/i_feel_like_im_loosing_myself_sandwich_was_nice","Currently a struggling junior in high school, I can’t even recognize myself anymore because of how stressed out I am.    I’m taking 5 APs this year, I swim competitively, I run two clubs on my own, I tutor on the weekends, I’m on a time crunch to get","Hey Evening-Status3163 — read your post about I feel like I’m loosing myself. Sandwich was nice tho. Distribution is the hardest part of early SaaS — most builders are great at product and terrible at outbound. AXON handles the outbound side: verified leads, AI-personalised emails, automated follow-ups. Launching in 2 weeks with 20 founding spots at 40% off. Have you tried cold outreach yet or been focused on inbound?","pending","2026-03-14"
"euphoricpwincess","reddit","https://www.reddit.com/r/RelationshipIndia/comments/1rsvrjk/aitk_22f_for_cancelling_on_him_7_times_he_stopped","This might be one of those reads where you’re like “why’s she asking this? Isn’t it obvious?” but I really want to know diff perspectives. It’s a long post and it is spread over 3 months.   A guy from my college texted me on instagram. We don’t have ","Hey euphoricpwincess — saw your post about AITK (22F) for cancelling on him 7 times? He stopped talking. This is a problem AXON is built to solve: AI outreach that finds the right leads and sends personalised messages that actually get replies. Launching in 2 weeks with 40% off for 20 founding members. What does your current customer acquisition look like?","pending","2026-03-14"
"Few-Distance467","reddit","https://www.reddit.com/r/AvoidantBreakUps/comments/1rsvrhr/what_should_i_do_with_his_belongings","I’d been dating my boyfriend for a year. Beginning of February he came down and spent a great weekend together (we live 300+ miles apart), he left happily on the Monday morning and since then he’s been silent. The phone calls ring through, the texts ","Hey Few-Distance467 — saw your post about What should I do with his belongings?. This is a problem AXON is built to solve: AI outreach that finds the right leads and sends personalised messages that actually get replies. Launching in 2 weeks with 40% off for 20 founding members. What does your current customer acquisition look like?","pending","2026-03-14"
"dalas84","reddit","https://www.reddit.com/r/FND/comments/1rsvpyr/advice_needed","I have been seeing therapist and trialing new to me meds. I have been through 5 therapist that said they could not help me and maybe the nueropsychologist should look at othet possible condition. He replied no they are just not well versed in FND. 4 ","Hey dalas84 — saw your post about Advice needed. This is a problem AXON is built to solve: AI outreach that finds the right leads and sends personalised messages that actually get replies. Launching in 2 weeks with 40% off for 20 founding members. What does your current customer acquisition look like?","pending","2026-03-14"
"julienedwards1","reddit","https://www.reddit.com/r/Advice/comments/1rsvmo4/i_drove_12_hours_to_help_my_best_friend_set_up","So I’m 25 (male) and my best friend is 24 (female). We’ve been really close for years. We talk on the phone basically every day. I travel a lot for work, so most of our conversations are usually over the phone.   Recently she moved to a new city. I h","Hey julienedwards1 — saw your post about I drove 12 hours to help my best friend set up her new apart. This is a problem AXON is built to solve: AI outreach that finds the right leads and sends personalised messages that actually get replies. Launching in 2 weeks with 40% off for 20 founding members. What does your current customer acquisition look like?","pending","2026-03-14"
"Professional-Tax3077","reddit","https://www.reddit.com/r/work/comments/1rsvm90/my_coworker_is_always_on_outside_work_hours_and_i","Hello,  I work in a job with 3 shifts, so once your shift is over, that’s it.  For example, when I finish at 2 PM, I close the laptop and I’m done until the next day.   The thing is, I have this coworker who seems to be working 24/7.   It doesn’t mat","Hey Professional-Tax3077 — saw your post about My coworker is ""always on"" outside work hours and I genuinel. This is a problem AXON is built to solve: AI outreach that finds the right leads and sends personalised messages that actually get replies. Launching in 2 weeks with 40% off for 20 founding members. What does your current customer acquisition look like?","pending","2026-03-14"
"gothic_waifu_","reddit","https://www.reddit.com/r/rant/comments/1rsvlsh/not_in_the_mood_to_babysit","currently 38 weeks and a few days along, tired as hell since i rarely get sleep due to my munchkin moving around so much and i have to help babysit my niece.   i love them to death, but i’m just too exhausted to keep up with a 4 year old as this is m","Hey gothic_waifu_ — saw your post about not in the mood to babysit. This is a problem AXON is built to solve: AI outreach that finds the right leads and sends personalised messages that actually get replies. Launching in 2 weeks with 40% off for 20 founding members. What does your current customer acquisition look like?","pending","2026-03-14"
"MackenzieRaveup","reddit","https://www.reddit.com/r/Channel_Z/comments/1rsvlaz/wtf_is_up_with_this_zcoin_thing_a_guide_for","Kryten Economy User Guide   Audience: regular channel users   This guide explains how to use the economy bot from private messages (PM), with examples you can copy.   How to talk to the bot     Open a PM to ZcoinBank in Channel-Z.   Send commands lik","Hey MackenzieRaveup — saw your post about WTF is up with this Z-coin thing? A guide for channel users!. This is a problem AXON is built to solve: AI outreach that finds the right leads and sends personalised messages that actually get replies. Launching in 2 weeks with 40% off for 20 founding members. What does your current customer acquisition look like?","pending","2026-03-14"
"HY_90","reddit","https://www.reddit.com/r/FamilyIssues/comments/1rsvke0/my_husband_and_stepdaughter_have_me_puzzled","I don't even know where to start, I made this account because I don't have anyone to talk to about this. Also, English is not my language, so I'm sorry if there are misspells. My husband (M36) and I (M36) have been together for over ten years, We met","Hey HY_90 — saw your post about My husband and stepdaughter have me puzzled. This is a problem AXON is built to solve: AI outreach that finds the right leads and sends personalised messages that actually get replies. Launching in 2 weeks with 40% off for 20 founding members. What does your current customer acquisition look like?","pending","2026-03-14"
"Aggravating-Heart344","reddit","https://www.reddit.com/r/cfs/comments/1rsvjb6/cfs_vs_sleep_disorders_how_did_you_differentiate","TL;DR:  I have ME/CFS but also experience severe daytime sleepiness, sleeping 12+ hours yet still feeling sleepy. I used to nod off frequently (possibly microsleeps) but that improved after leaving a residential program where I was constantly in PEM.","Hey Aggravating-Heart344 — saw your post about CFS vs sleep disorders: how did you differentiate?. This is a problem AXON is built to solve: AI outreach that finds the right leads and sends personalised messages that actually get replies. Launching in 2 weeks with 40% off for 20 founding members. What does your current customer acquisition look like?","pending","2026-03-14"
"Sweet_Ambition_7215","reddit","https://www.reddit.com/r/story/comments/1rsvbxt/i_mightve_met_a_criminal_on_reddit_and_he_might","Hi everyone. I am really puzzled and freaked out by this situation and need some advice   (I'm posting from a different account and I've blocked him on this account so he won't see this)   Yesterday, I posted on  r/voicechats  looking for someone to ","Hey Sweet_Ambition_7215 — saw your post about I might've met a criminal on Reddit and he might be lying to. This is a problem AXON is built to solve: AI outreach that finds the right leads and sends personalised messages that actually get replies. Launching in 2 weeks with 40% off for 20 founding members. What does your current customer acquisition look like?","pending","2026-03-14"
"creatoruncle","reddit","https://www.reddit.com/r/AmazonFlexDrivers/comments/1rsv8oc/how_do_you_handle_false_not_delivered_claims_has","I keep seeing this come up in driver communities, and it happened to someone close to me recently: a customer claimed the package wasn't delivered, the driver had no proof, and standing took a hit.   I've almost finished building something to fix thi","Hey creatoruncle — saw your post about How do you handle false 'not delivered' claims? Has it ever . This is a problem AXON is built to solve: AI outreach that finds the right leads and sends personalised messages that actually get replies. Launching in 2 weeks with 40% off for 20 founding members. What does your current customer acquisition look like?","pending","2026-03-14"
"Ok_Celebration5374","reddit","https://www.reddit.com/r/dating_advice/comments/1rsv7ry/ladiess_anyone_else_exhausted_by_dating_apps_or","So Woman on reddit I feel like I’ve been endlessly scrolling on apps like tinder and Bumble just to find one decent match. You go through hundreds of profiles, finally find someone who seems normal, start talking, and then the energy just doesn’t mat","Hey Ok_Celebration5374 — saw your post about Ladiess anyone else exhausted by dating apps or is it just m. This is a problem AXON is built to solve: AI outreach that finds the right leads and sends personalised messages that actually get replies. Launching in 2 weeks with 40% off for 20 founding members. What does your current customer acquisition look like?","pending","2026-03-14"
"Worldly_Ad_2410","reddit","https://www.reddit.com/r/AskClaw/comments/1rsv7ra/openclaw_rl_explained_clearly_train_any_agent","what if your AI agent got smarter every time you talked to it? that's the premise of this new  research paper , and the experiment they ran to test it is surprisingly practical.   a student uses OpenClaw and wants his model to complete homework on a ","Hey Worldly_Ad_2410 — saw your post about OpenClaw RL, Explained Clearly. Train Any Agent Simply by Ta. This is a problem AXON is built to solve: AI outreach that finds the right leads and sends personalised messages that actually get replies. Launching in 2 weeks with 40% off for 20 founding members. What does your current customer acquisition look like?","pending","2026-03-14"
"Sweet_Ambition_7215","reddit","https://www.reddit.com/r/WhatShouldIDo/comments/1rsv4uc/i_mightve_met_a_criminal_on_reddit_and_he_might","Hi everyone. I am really puzzled and freaked out by this situation and need some advice   (I'm posting from a different account and I've blocked him on this account so he won't see this)   Yesterday, I posted on  r/voicechats  looking for someone to ","Hey Sweet_Ambition_7215 — saw your post about I might've met a criminal on Reddit and he might be lying to. This is a problem AXON is built to solve: AI outreach that finds the right leads and sends personalised messages that actually get replies. Launching in 2 weeks with 40% off for 20 founding members. What does your current customer acquisition look like?","pending","2026-03-14"
"Sweet_Ambition_7215","reddit","https://www.reddit.com/r/Advice/comments/1rsv4kg/i_mightve_met_a_criminal_on_reddit_and_he_might","Hi everyone. I am really puzzled and freaked out by this situation and need some advice   (I'm posting from a different account and I've blocked him on this account so he won't see this)   Yesterday, I posted on  r/voicechats  looking for someone to ","Hey Sweet_Ambition_7215 — saw your post about I might've met a criminal on Reddit and he might be lying to. This is a problem AXON is built to solve: AI outreach that finds the right leads and sends personalised messages that actually get replies. Launching in 2 weeks with 40% off for 20 founding members. What does your current customer acquisition look like?","pending","2026-03-14"
"inging17","reddit","https://www.reddit.com/r/mext/comments/1rsv39t/delete_if_not_allowed_phd_in_japan_abd_after_7","I’m hoping to get advice from people familiar with the PhD system in Japan or those who studied under MEXT.   I’m currently a PhD student at a Japanese public university (not mentioning names for obvious reasons) and have been in the program for abou","Hey inging17 — saw your post about (Delete if not allowed) PhD in Japan – ABD after 7 years (in. This is a problem AXON is built to solve: AI outreach that finds the right leads and sends personalised messages that actually get replies. Launching in 2 weeks with 40% off for 20 founding members. What does your current customer acquisition look like?","pending","2026-03-14"
"sheep_dog2025","reddit","https://www.reddit.com/r/Advice/comments/1rsv2rp/aio_if_i_leave_or_keep_communication_to_a_minimum","Apologies if this is written a little messily. I used AI to help with grammar, and I’m mostly just typing things as quickly as possible, so it might be a bit all over the place.   I’ve had many similar situations to this, but this might be the straw ","Hey sheep_dog2025 — saw your post about AIO if I leave or keep communication to a minimum?. This is a problem AXON is built to solve: AI outreach that finds the right leads and sends personalised messages that actually get replies. Launching in 2 weeks with 40% off for 20 founding members. What does your current customer acquisition look like?","pending","2026-03-14"
"Super-Strawberry-492","reddit","https://www.reddit.com/r/GriefSupport/comments/1rsv1be/grieving_the_life_i_used_to_have_grieving_the","This will be a lot to read I’m sorry    I’m female and I’m 24 years old. When I was 6 years old my older sister who was 9 years old at the time passed away in an accident so it was very sudden and shocking and still to this day I always have to stop ","Hey Super-Strawberry-492 — saw your post about Grieving the life I used to have , grieving the life I wish . This is a problem AXON is built to solve: AI outreach that finds the right leads and sends personalised messages that actually get replies. Launching in 2 weeks with 40% off for 20 founding members. What does your current customer acquisition look like?","pending","2026-03-14"
"HeadWriting4825","reddit","https://www.reddit.com/r/u_HeadWriting4825/comments/1rsv0k1/a_violent_kind_of_grace","Three months ago, I was a broke underground fighter. Then a DNA test told me I was the long‑lost heiress to a $30 billion empire.   My new sister scattered nails on my road to stop me from reaching the manor.   I carried the car the rest of the way. ","Hey HeadWriting4825 — saw your post about A VIOLENT KIND OF GRACE. This is a problem AXON is built to solve: AI outreach that finds the right leads and sends personalised messages that actually get replies. Launching in 2 weeks with 40% off for 20 founding members. What does your current customer acquisition look like?","pending","2026-03-14"
"Lupus_Mortem","reddit","https://www.reddit.com/r/Vent/comments/1rsuzwx/its_my_birthday_and_i_hate_that_im_not_able_to","I just... Want the day to be over already so everyone will move on. I get it, my family and friends want me to be happy today but how can I be? I'm now 28 and I have no job, no money, no partner, and I feel like a loser.   I try to just focus on the ","Hey Lupus_Mortem — saw your post about It's my birthday and I hate that I'm not able to enjoy it. This is a problem AXON is built to solve: AI outreach that finds the right leads and sends personalised messages that actually get replies. Launching in 2 weeks with 40% off for 20 founding members. What does your current customer acquisition look like?","pending","2026-03-14"
"Icy_Border7139","reddit","https://www.reddit.com/r/SecondHandFinds/comments/1rsux6e/has_anyone_had_return_issues_with_rebag_need","I ordered two pairs of shoes on Rebag that were delivered on 2/9/2026. After trying them on, I realized the size didn’t work for me, so I requested a return label the next day (2/10/2026) and shipped them back shortly after.   One pair of show was re","Hey Icy_Border7139 — saw your post about Has anyone had return issues with Rebag? Need advice. This is a problem AXON is built to solve: AI outreach that finds the right leads and sends personalised messages that actually get replies. Launching in 2 weeks with 40% off for 20 founding members. What does your current customer acquisition look like?","pending","2026-03-14"
"Redessfall","reddit","https://www.reddit.com/r/Sleepycabin/comments/1rsuvus/angels_insomnia_rough_draft","The clock read 2:13 a.m., though it no longer mattered. Angel has no idea why he tries. He hadn't slept in four days. He ponders the thought of even trying to sleep or if he should catch up on some things he needs to do. When Angel gets up, he turns ","Hey Redessfall — saw your post about Angels Insomnia (rough draft). This is a problem AXON is built to solve: AI outreach that finds the right leads and sends personalised messages that actually get replies. Launching in 2 weeks with 40% off for 20 founding members. What does your current customer acquisition look like?","pending","2026-03-14"
"Redessfall","reddit","https://www.reddit.com/r/theedgeofsleep/comments/1rsuvhs/angels_insomnia_rough_draft","The clock read 2:13 a.m., though it no longer mattered. Angel has no idea why he tries. He hadn't slept in four days. He ponders the thought of even trying to sleep or if he should catch up on some things he needs to do. When Angel gets up, he turns ","Hey Redessfall — saw your post about Angels Insomnia (rough draft). This is a problem AXON is built to solve: AI outreach that finds the right leads and sends personalised messages that actually get replies. Launching in 2 weeks with 40% off for 20 founding members. What does your current customer acquisition look like?","pending","2026-03-14"
"Domme_Liyah","reddit","https://www.reddit.com/r/BlackFindomEmpire/comments/1rsuv71/27_f4a_marked_before_you_knew_me","Are you tired of the mask? Tired of pretending the man staring back from the mirror is the real you?   I am looking for a fragile thing to truly own. Not just your time, but your shame, your secrets, your very thoughts. I am a patient and meticulous ","Hey Domme_Liyah — saw your post about 27 [F4A] - Marked Before You Knew Me. This is a problem AXON is built to solve: AI outreach that finds the right leads and sends personalised messages that actually get replies. Launching in 2 weeks with 40% off for 20 founding members. What does your current customer acquisition look like?","pending","2026-03-14"
"GreedyDependent3131","reddit","https://www.reddit.com/r/grief/comments/1rsusus/i_found_out_my_friend_died_4_years_ago_and_i","I had an online friend I spoke to basically every day from 2015-2022, she was my first online friend at 15, she was 5 years older and was like my art mentor, when I got better we started to trade art and she even got my art as her first tattoo. I had","Hey GreedyDependent3131 — saw your post about I found out my friend died 4 years ago and I didn't know unt. This is a problem AXON is built to solve: AI outreach that finds the right leads and sends personalised messages that actually get replies. Launching in 2 weeks with 40% off for 20 founding members. What does your current customer acquisition look like?","pending","2026-03-14"
"Yurii_S_Kh","reddit","https://www.reddit.com/r/SophiaWisdomOfGod/comments/1rsur2l/friday_of_the_third_week_of_great_lent","https://preview.redd.it/6hllc7yrquog1.png?width=300&amp;format=png&amp;auto=webp&amp;s=ea736462335902efcd470a1df5dd2e69fcea9dda    Sin is the transgression of the Law of God, the failure to fulfill the holy commandments of God.  Whosoever committeth ","Hey Yurii_S_Kh — saw your post about Friday of the Third Week of Great Lent. This is a problem AXON is built to solve: AI outreach that finds the right leads and sends personalised messages that actually get replies. Launching in 2 weeks with 40% off for 20 founding members. What does your current customer acquisition look like?","pending","2026-03-14"
"Original_Strength36","reddit","https://www.reddit.com/r/CustomerService/comments/1rsunj0/alibaba_cloud_human_support_is_a_constrained_ai","So I tried to subscribe to Alibaba Cloud Model Studio today. Simple enough right? Wrong.   My account got flagged the second I tried to buy anything. Error code RISK_CONTROL_REJECTION. No warning, no explanation, just blocked. I had already verified ","Hey Original_Strength36 — saw your post about Alibaba Cloud ""Human Support"" is a Constrained AI Running in. This is a problem AXON is built to solve: AI outreach that finds the right leads and sends personalised messages that actually get replies. Launching in 2 weeks with 40% off for 20 founding members. What does your current customer acquisition look like?","pending","2026-03-14"
"TriggeredLatina_","reddit","https://www.reddit.com/r/DreamlightValley/comments/1rsum8u/is_dreamlight_valley_playable_on_ps5","A week ago I went and searched up the game on ps5. I have all the packs on switch and Xbox. I wanted to move over to ps5 it’s almost my preferred method of playing atm. I bought the add on for wish blossom and storybook vale. Went to play and couldn’","Hey TriggeredLatina_ — saw your post about Is Dreamlight Valley playable on PS5?. This is a problem AXON is built to solve: AI outreach that finds the right leads and sends personalised messages that actually get replies. Launching in 2 weeks with 40% off for 20 founding members. What does your current customer acquisition look like?","pending","2026-03-14"
"Mountain-Network-853","reddit","https://www.reddit.com/r/TeluguJournals/comments/1rsuli6/a_familiar_descent","No matter how much you’re crippling inside,    no one is going to come by your side.    The jaws of grief pain and anxiety grew tight,    leaving you with nothing or maybe fragments of light    just enough memories to haunt you again,    so you can r","Hey Mountain-Network-853 — saw your post about A Familiar Descent. This is a problem AXON is built to solve: AI outreach that finds the right leads and sends personalised messages that actually get replies. Launching in 2 weeks with 40% off for 20 founding members. What does your current customer acquisition look like?","pending","2026-03-14"
"throwaway_sad_3326","reddit","https://www.reddit.com/r/BreakUps/comments/1rsuj17/my_situationship_22m_ended_things_with_me_20m_to","So on Monday I was not feeling good emotionally. For the past few weeks I was stressed with typical college student stuff: work, wondering if I picked the right major, money, no social life blah blah blah. Oh, and my ex texted me all mad so that wasn","Hey throwaway_sad_3326 — saw your post about My situationship (22M) ended things with me (20M) to go back. This is a problem AXON is built to solve: AI outreach that finds the right leads and sends personalised messages that actually get replies. Launching in 2 weeks with 40% off for 20 founding members. What does your current customer acquisition look like?","pending","2026-03-14"
"SadScolopendra","reddit","https://www.reddit.com/r/friendship/comments/1rsuhyu/35m_cringefail_looking_for_a_long_term_friend","Hey there everyone!!    I'm not sure how to start describing myself, I'm not great with words but I'll try my best.    (I'm so sorry for the extremely long post ahead!)   I apologize if I don't reply to your message, but as I explain later, I don't r","Hey SadScolopendra — saw your post about 35M Cringefail looking for a long term friend, someone to ge. This is a problem AXON is built to solve: AI outreach that finds the right leads and sends personalised messages that actually get replies. Launching in 2 weeks with 40% off for 20 founding members. What does your current customer acquisition look like?","pending","2026-03-14"
"NeurodivergentCosmos","reddit","https://www.reddit.com/r/rockford/comments/1rsucxs/karen_hoffmans_beliefs_about_black_people_trans","Next post here will be Dec 2025 emails between Alderwoman Karen Hoffman &amp; a friend of mine in her district where she engaged in anti-Black &amp; anti-trans rhetoric. The friend shared them w/ me &amp; has given me permission to share. The whole e","Hey NeurodivergentCosmos — saw your post about Karen Hoffman’s Beliefs About Black People, Trans People, & . This is a problem AXON is built to solve: AI outreach that finds the right leads and sends personalised messages that actually get replies. Launching in 2 weeks with 40% off for 20 founding members. What does your current customer acquisition look like?","pending","2026-03-14"
"No-Mango-8891","reddit","https://www.reddit.com/r/TeenVent/comments/1rsucqi/i_cant_do_this_anymore",". I stopped going to school when I was 13 because of social anxiety, at first I was happy because I didn’t have to go, but I quickly realised just how lonely it was. I stayed in every day from then on, no friends at all, I stopped seeing family becau","Hey No-Mango-8891 — saw your post about I can’t do this anymore. This is a problem AXON is built to solve: AI outreach that finds the right leads and sends personalised messages that actually get replies. Launching in 2 weeks with 40% off for 20 founding members. What does your current customer acquisition look like?","pending","2026-03-14"
"AdvantageSignal1940","reddit","https://www.reddit.com/r/u_AdvantageSignal1940/comments/1rsucdj/my_husband_says_he_sees_two_of_me","A few people saw my  first post  and gave me some helpful advice. It’s daylight so I’m feeling much more optimistic, although we had another rough, sleepless night. My baby is asleep in her crib in her room and I’m in my room in my bed staring at the","Hey AdvantageSignal1940 — saw your post about My husband says he sees two of me. This is a problem AXON is built to solve: AI outreach that finds the right leads and sends personalised messages that actually get replies. Launching in 2 weeks with 40% off for 20 founding members. What does your current customer acquisition look like?","pending","2026-03-14"
"unknown","reddit","https://www.reddit.com/r/email","Tools and tips for email marketing, martech, deliverability, &amp; management best practices. This is NOT the correct subreddit for questions regarding the use of individual e-mail accounts or for cold email marketing tools and strategies.      [link","Hey unknown — saw your post about E-mail Marketing Technology, Deliverability, and Best Practi. Cold email reply rates have cratered industry-wide — the problem is usually personalisation at scale. AXON is an AI outreach tool that researches each prospect and writes emails that actually reference their situation — typically 3-5x higher reply rates. Launching in 2 weeks with 20 founding spots at 40% off forever. What's your current send volume?","pending","2026-03-14"
"unknown","reddit","https://www.reddit.com/r/WFH","Welcome to /r/WFH - 'Working From Home,' the subreddit dedicated to work from home professionals, be it for yourself or a company. Learn tips and tricks to make yourself more productive, avoid distractions and generally make your experience a more po","Hey unknown — saw your post about Working From Home. This is a problem AXON is built to solve: AI outreach that finds the right leads and sends personalised messages that actually get replies. Launching in 2 weeks with 40% off for 20 founding members. What does your current customer acquisition look like?","pending","2026-03-14"
"Own-Love7669","reddit","https://www.reddit.com/r/u_Own-Love7669/comments/1rsw5p7/is_this_discrimination_at_work_due_to_pregnancy","I’m currently 8 months pregnant and facing a situation at work. I’m not sure if what my company is doing is pregnancy discrimination. I’m struggling to comprehend why a women has to go through so much when she decides to bring a new life into this wo","Hey Own-Love7669 — read your post about Is this discrimination at work due to pregnancy. Distribution is the hardest part of early SaaS — most builders are great at product and terrible at outbound. AXON handles the outbound side: verified leads, AI-personalised emails, automated follow-ups. Launching in 2 weeks with 20 founding spots at 40% off. Have you tried cold outreach yet or been focused on inbound?","pending","2026-03-14"
"LaOfrenda","reddit","https://www.reddit.com/r/scarystories/comments/1rsw4th/luci_in_the_sky_with_demons","I want to tell you about a girl I knew. She was charming and beautiful and too clever for my own good. She could do whatever she wanted, and she could have whatever she wanted. I know I’m lucky I got away with my life, because that’s what she wanted ","Hey LaOfrenda — saw your post about Luci in the Sky with Demons. This is a problem AXON is built to solve: AI outreach that finds the right leads and sends personalised messages that actually get replies. Launching in 2 weeks with 40% off for 20 founding members. What does your current customer acquisition look like?","pending","2026-03-14"
"Standard_Beat1699","reddit","https://www.reddit.com/r/FamilyIssues/comments/1rsw4ac/gambling_affecting_family","Hi…my wife and I are seniors. Our daughter has lived with her man for about seven years now, and their little girl will be five years old in June. They keep their finances separate, and they share the household expenses.   Going on two years ago, she","Hey Standard_Beat1699 — saw your post about Gambling affecting family. This is a problem AXON is built to solve: AI outreach that finds the right leads and sends personalised messages that actually get replies. Launching in 2 weeks with 40% off for 20 founding members. What does your current customer acquisition look like?","pending","2026-03-14"
"pebbles0625","reddit","https://www.reddit.com/r/HousingUK/comments/1rsw1xd/should_i_try_and_contact_seller_directly","Sorry, I feel like I spend my life posting here looking for advice or wanting to vent.   I’m in the process of buying a leasehold flat (conveyencing started beginning of Nov) and things were progressing well until my lender required a mortgagee prote","Hey pebbles0625 — saw your post about Should I try and contact seller directly mid-purchase?. This is a problem AXON is built to solve: AI outreach that finds the right leads and sends personalised messages that actually get replies. Launching in 2 weeks with 40% off for 20 founding members. What does your current customer acquisition look like?","pending","2026-03-14"
"Exotic-Willow2461","reddit","https://www.reddit.com/r/Hernia/comments/1rsw1uz/experience_with_dr_robert_tomas_inguinal_hernia","A few different accounts on here helped me to feel more at ease about the surgery process, so wanting to pay it forward. This will be very detailed, as I found that little details others shared helped to answer questions I had and ease some anxiety. ","Hey Exotic-Willow2461 — saw your post about Experience with Dr. Robert Tomas - Inguinal Hernia Repair. This is a problem AXON is built to solve: AI outreach that finds the right leads and sends personalised messages that actually get replies. Launching in 2 weeks with 40% off for 20 founding members. What does your current customer acquisition look like?","pending","2026-03-14"
"raindancemilee","reddit","https://www.reddit.com/r/Charleston/comments/1rsw1ko/mail_advice_north_charleston","Super frustrating situation here… I live at an apartment complex where we have a big cluster of mailboxes. The USPS person has a master key to open them all at once when delivering. They put a box in mine and when I open from my side, there’s an extr","Hey raindancemilee — saw your post about Mail Advice - North Charleston. This is a problem AXON is built to solve: AI outreach that finds the right leads and sends personalised messages that actually get replies. Launching in 2 weeks with 40% off for 20 founding members. What does your current customer acquisition look like?","pending","2026-03-14"
"One_Excuse_762","reddit","https://www.reddit.com/r/shortstories/comments/1rsw084/hr_a_libation_to_dread_persephone","The morning mist was cool. Dawn had only just passed. Phaia had watched the deep night disappear into brilliant gold, but now Helios seemed small and far away. His rays were blocked by grey clouds that had silently crept across the sky.    The sheep ","Hey One_Excuse_762 — saw your post about [HR] A Libation to Dread Persephone. This is a problem AXON is built to solve: AI outreach that finds the right leads and sends personalised messages that actually get replies. Launching in 2 weeks with 40% off for 20 founding members. What does your current customer acquisition look like?","pending","2026-03-14"
"SXZOP_","reddit","https://www.reddit.com/r/NPD/comments/1rsvydd/am_i_truly_a_narcissist","I think I have the Dark Triad, and my childhood had strong signs of it, and I still have even stronger signs now. In high school I always attracted narcissists (and my response to them was always cold or ignore). I wouldn't give a reaction or very ra","Hey SXZOP_ — saw your post about Am I truly a narcissist?. This is a problem AXON is built to solve: AI outreach that finds the right leads and sends personalised messages that actually get replies. Launching in 2 weeks with 40% off for 20 founding members. What does your current customer acquisition look like?","pending","2026-03-14"
"Hylid03","reddit","https://www.reddit.com/r/DeadlockTheGame/comments/1rsvx8b/mo_krill_guide_from_a_pisslow_elo_player","I will start saying that i'm genuinely a really low elo player, i don't play to rank i mostly play to fuck around, I'm posting this cause i was bored and wanted to see what people say of my playstyle.    Ability points:   For the early Scorn is the b","Hey Hylid03 — saw your post about Mo & Krill Guide from a pisslow elo player. This is a problem AXON is built to solve: AI outreach that finds the right leads and sends personalised messages that actually get replies. Launching in 2 weeks with 40% off for 20 founding members. What does your current customer acquisition look like?","pending","2026-03-14"
"Ok_War_2431","reddit","https://www.reddit.com/r/AITAH/comments/1rsvudl/aitah_am_i_really_the_biggest_ah_after_my_exs","Alright Court of Public Opinion. I have been sitting on unloading all of this because I felt like it would be wrong to unload all of this and talk badly for a very long time and I was under the impression that publicly saying anything would be consid","Hey Ok_War_2431 — saw your post about AITAH: AM I really the biggest AH after my ex's toxic cheati. This is a problem AXON is built to solve: AI outreach that finds the right leads and sends personalised messages that actually get replies. Launching in 2 weeks with 40% off for 20 founding members. What does your current customer acquisition look like?","pending","2026-03-14"
"Laurel_Rose10","reddit","https://www.reddit.com/r/Marriage/comments/1rsvstb/considering_separation","To Preface this let me start with saying I made a post here about 13 days ago, asking for advice and what to do.    My husband and I have always been very close, at least I thought. We just moved across the country for a job that I had gotten before ","Hey Laurel_Rose10 — saw your post about Considering Separation. This is a problem AXON is built to solve: AI outreach that finds the right leads and sends personalised messages that actually get replies. Launching in 2 weeks with 40% off for 20 founding members. What does your current customer acquisition look like?","pending","2026-03-14"
"Animated-Gold488","reddit","https://www.reddit.com/r/weddingplanning/comments/1rsvso2/brides_who_had_wedding_disappointment_how_are_you","For anyone who had a wedding and experienced major disappointment after, I want to hear from you!   My wedding is a CRAZY STORY!   Our wedding was 5 months ago. I've looked forward to it my entire life. We are low income folks from low income familie","Hey Animated-Gold488 — saw your post about Brides who had wedding disappointment- how are you doing now. This is a problem AXON is built to solve: AI outreach that finds the right leads and sends personalised messages that actually get replies. Launching in 2 weeks with 40% off for 20 founding members. What does your current customer acquisition look like?","pending","2026-03-14"
"Pramit03","reddit","https://www.reddit.com/r/psychesystems/comments/1rsvs6o/smoked_too_young_the_brutal_truth_about_weed_your","Weed gets romanticized a lot, especially online. Everyone talks about it like it’s some magical plant. Chill. Creative. Harmless. It’s just a plant, bro. But scroll TikTok for five minutes and you’ll see something darker. Teens bragging about being h","Hey Pramit03 — saw your post about Smoked too young? The brutal truth about weed & your brain (. This is a problem AXON is built to solve: AI outreach that finds the right leads and sends personalised messages that actually get replies. Launching in 2 weeks with 40% off for 20 founding members. What does your current customer acquisition look like?","pending","2026-03-14"
"RedLiquorice85","reddit","https://www.reddit.com/r/CharacterAI/comments/1rsvrws/is_everything_back_up_and_working_again","Curious as the mods still have the announcements about emails not working and the servers being down at the top of the page. I really don't want to try and refresh the tab or log out only for it to not let me back on or send me to an empty account li","Hey RedLiquorice85 — saw your post about Is everything back up and working again?. This is a problem AXON is built to solve: AI outreach that finds the right leads and sends personalised messages that actually get replies. Launching in 2 weeks with 40% off for 20 founding members. What does your current customer acquisition look like?","pending","2026-03-14"
"Safe-Decision6588","reddit","https://www.reddit.com/r/biglaw/comments/1rsvqun/take_care_of_yourself_biglaw_doesnt_care_about_you","I’ve been at my current firm for a little over two years after lateraling in from a feeder. From the start, as expected, I’ve been the star associate, people rely on me to clean up problems at all hours and fix things at 3 a.m. when something goes si","Hey Safe-Decision6588 — saw your post about Take care of yourself! Biglaw doesn’t care about you!. This is a problem AXON is built to solve: AI outreach that finds the right leads and sends personalised messages that actually get replies. Launching in 2 weeks with 40% off for 20 founding members. What does your current customer acquisition look like?","pending","2026-03-14"
"Pantograph_O_Slovak","reddit","https://www.reddit.com/r/stories/comments/1rsvqm5/the_red_palace","DISCLAIMER: This is only a fiction, these events did not happen!    It is half a year now since my brother went missing. He went out one summer evening and never returned home. The last words he spoke while walking out the door were &quot;I finally f","Hey Pantograph_O_Slovak — saw your post about The red palace. This is a problem AXON is built to solve: AI outreach that finds the right leads and sends personalised messages that actually get replies. Launching in 2 weeks with 40% off for 20 founding members. What does your current customer acquisition look like?","pending","2026-03-14"
"BeneficialRace7342","reddit","https://www.reddit.com/r/Advice/comments/1rsvpue/i_need_advice_on_what_to_do_about_my_sisters","I posted on another sub, but it got removed. Maybe I can get some help from here.   For background, my sister has 3 children who are 4, 3 and 1 years old. I myself have a 2 year old only, so I do not claim to know how hard it is to have three young k","Hey BeneficialRace7342 — saw your post about I need advice on what to do about my sisters parenting. This is a problem AXON is built to solve: AI outreach that finds the right leads and sends personalised messages that actually get replies. Launching in 2 weeks with 40% off for 20 founding members. What does your current customer acquisition look like?","pending","2026-03-14"
"Flounder_guppy","reddit","https://www.reddit.com/r/askdentists/comments/1rsvpai/necrotic_sap_in_27_where_is_my_pain_coming_from","I'm hoping to understand what is happening to my tooth.    I just had an emergency dentist appt this morning and I've left feeling very confused and lost. I was so happy when they squeezed me in before close but I feel like I'm in the same predicamen","Hey Flounder_guppy — saw your post about Necrotic, SAP in 27, where is my pain coming from if my toot. This is a problem AXON is built to solve: AI outreach that finds the right leads and sends personalised messages that actually get replies. Launching in 2 weeks with 40% off for 20 founding members. What does your current customer acquisition look like?","pending","2026-03-14"
"No_Battle_1065","reddit","https://www.reddit.com/r/TransferStudents/comments/1rsvoah/please_help","I just recently got an email from the UC app notifying me of some discrepancies on my application. I reported that two courses I had taken last Spring semester would be academically renewed but I have to wait until AFTER this spring semester has pass","Hey No_Battle_1065 — saw your post about please help!!. This is a problem AXON is built to solve: AI outreach that finds the right leads and sends personalised messages that actually get replies. Launching in 2 weeks with 40% off for 20 founding members. What does your current customer acquisition look like?","pending","2026-03-14"
"Tugakit","reddit","https://www.reddit.com/r/starcitizen/comments/1rsvnal/eac_vm_block_on_star_citizen_is_not_a_technical","Hey everyone,   I play on cloud gaming because I don't have access to a gaming PC. I've been using Shadow PC for Star Citizen, but since recently, EAC blocks it with &quot;Cannot run under Virtual Machine.&quot; I spent the entire day researching thi","Hey Tugakit — saw your post about EAC VM block on Star Citizen is not a technical limitation, . This is a problem AXON is built to solve: AI outreach that finds the right leads and sends personalised messages that actually get replies. Launching in 2 weeks with 40% off for 20 founding members. What does your current customer acquisition look like?","pending","2026-03-14"
"Physical-Setting-687","reddit","https://www.reddit.com/r/relationships/comments/1rsvmnr/27m_dating_27f_trying_to_understand_whether","TLDR:  5 years with my best friend turned girlfriend. Loving, stable, want the same things in life, but I've had a persistent gut feeling for about a year that she may not be who I want to build my life with. The past year she's been struggling with ","Hey Physical-Setting-687 — read your post about 27M dating 27F trying to understand whether doubts in a good. Distribution is the hardest part of early SaaS — most builders are great at product and terrible at outbound. AXON handles the outbound side: verified leads, AI-personalised emails, automated follow-ups. Launching in 2 weeks with 20 founding spots at 40% off. Have you tried cold outreach yet or been focused on inbound?","pending","2026-03-14"
"VangelisOnAUnicyle","reddit","https://www.reddit.com/r/ArchitectContinuingEd/comments/1rsvmir/how_do_i_document_zncd_education_completion_for","California architects face a specific documentation challenge every renewal cycle: proving that their five hours of  Zero Net Carbon Design (ZNCD) continuing education were completed from a qualified provider and meet the  California Architects Board","Hey VangelisOnAUnicyle — saw your post about How Do I Document ZNCD Education Completion for the Californ. This is a problem AXON is built to solve: AI outreach that finds the right leads and sends personalised messages that actually get replies. Launching in 2 weeks with 40% off for 20 founding members. What does your current customer acquisition look like?","pending","2026-03-14"
"WheelBeFine","reddit","https://www.reddit.com/r/Klaviyo/comments/1rsvm8o/having_an_unsubscribe_reason_survey_is_not_an","Hi all, I'm trying to collect data on the main reason why people unsubscribe from my mailing list. I used other email marketing tools in the past where this survey functionnality was built-in and easy to use. I just want to show a simple &quot;click ","Hey WheelBeFine — saw your post about Having an ""unsubscribe reason"" survey is not an easy task. This is a problem AXON is built to solve: AI outreach that finds the right leads and sends personalised messages that actually get replies. Launching in 2 weeks with 40% off for 20 founding members. What does your current customer acquisition look like?","pending","2026-03-14"
"vhs_sold_blank","reddit","https://www.reddit.com/r/TalesFromTheCreeps/comments/1rsvlrm/the_dead_internet_routine","I buckled my duty belt and adjusted the badge, giving myself one last once over in the mirror.   “Uniform tonight?” Tye asked.    “Yeah,” I said. I didn’t like the uniform, too tight, too itchy. Prefer something with stretch, something that lets you ","Hey vhs_sold_blank — saw your post about The Dead Internet Routine. This is a problem AXON is built to solve: AI outreach that finds the right leads and sends personalised messages that actually get replies. Launching in 2 weeks with 40% off for 20 founding members. What does your current customer acquisition look like?","pending","2026-03-14"
"SocietyExpensive2538","reddit","https://www.reddit.com/r/IslamabadSocial/comments/1rsvkur/have_to_lay_off_someone_on_monday_and_i_feel","First time I’ve ever had to let someone go. She had just come back to work after some health issues, only a couple of months in. Super smart and hardworking.   The reality is her salary could fund 3 juniors who have stronger AI hands-on skills, so th","Hey SocietyExpensive2538 — saw your post about Have to lay off someone on Monday and I feel terrible. This is a problem AXON is built to solve: AI outreach that finds the right leads and sends personalised messages that actually get replies. Launching in 2 weeks with 40% off for 20 founding members. What does your current customer acquisition look like?","pending","2026-03-14"
"childofglob","reddit","https://www.reddit.com/r/WorkAdvice/comments/1rsvhx9/coworker_keeps_getting_me_sick","On mobile, sorry if the formats weird. I need advice on how to move forward. I share a small space with a coworker and this pattern keeps happening.    He will come into work, coughing, sneezing, and have a stuffy nose. I always ask him if he’s sick ","Hey childofglob — saw your post about Coworker keeps getting me sick. This is a problem AXON is built to solve: AI outreach that finds the right leads and sends personalised messages that actually get replies. Launching in 2 weeks with 40% off for 20 founding members. What does your current customer acquisition look like?","pending","2026-03-14"
"Significant-Dress286","reddit","https://www.reddit.com/r/digitalminimalism/comments/1rsvh5i/fewer_choices_more_clarity","I'm tired of complicated optimization advice. Here are the simple changes that genuinely transformed my life with almost zero effort:   Walk everywhere (seriously, design your life around this)   Move close to work, groceries, gym whatever matters to","Hey Significant-Dress286 — saw your post about Fewer choices = More clarity. This is a problem AXON is built to solve: AI outreach that finds the right leads and sends personalised messages that actually get replies. Launching in 2 weeks with 40% off for 20 founding members. What does your current customer acquisition look like?","pending","2026-03-14"
"whisperingduck","reddit","https://www.reddit.com/r/loseit/comments/1rsvg9b/250_pounds_gone_and_still_gone_one_year_later","I (41F) posted here last year but people thought it was fake, so fine. But it's not, and now another year has passed, and there's probably something in what I'm about to write that will help someone else, so I thought I'd give it another try, because","Hey whisperingduck — saw your post about 250 pounds gone and still gone one year later. This is a problem AXON is built to solve: AI outreach that finds the right leads and sends personalised messages that actually get replies. Launching in 2 weeks with 40% off for 20 founding members. What does your current customer acquisition look like?","pending","2026-03-14"
"BackgroundRich7614","reddit","https://www.reddit.com/r/CultOfCharlie/comments/1rsvf4y/what_if_charlie_went_into_her_true_form_during","Link to the Fic:  The Nephilim Au - Chapter 1 - Infernalwriter, Windwolf9 - Helluva Boss (Web Series) [Archive of Our Own]    Centuries prior:           The empress of Hell, clothed in elegant purple and gold silks, covered from head to toe in ornate","Hey BackgroundRich7614 — saw your post about What if Charlie went into her True Form during the Adam figh. This is a problem AXON is built to solve: AI outreach that finds the right leads and sends personalised messages that actually get replies. Launching in 2 weeks with 40% off for 20 founding members. What does your current customer acquisition look like?","pending","2026-03-14"
"RossGougeJoshua2","reddit","https://www.reddit.com/r/watchrepair/comments/1rsvf03/amend_posting_requirements_for_better_titles","There are far too many posts on the sub having non-descriptive titles like &quot; Help! &quot; or &quot; Question &quot; or &quot; Is this ok? &quot;   I am proposing to the mods that something be added to the &quot;Posting Requirements&quot; suggest","Hey RossGougeJoshua2 — saw your post about Amend Posting Requirements for better Titles. This is a problem AXON is built to solve: AI outreach that finds the right leads and sends personalised messages that actually get replies. Launching in 2 weeks with 40% off for 20 founding members. What does your current customer acquisition look like?","pending","2026-03-14"
"Forward_Regular3768","reddit","https://www.reddit.com/r/SocialBlueprint/comments/1rsven8/how_to_spot_manipulation_before_its_too_late_dark","Okay so I've been DEEP in the rabbit hole of dark psychology for months now. Started after a sketchy situation at work where I got manipulated hard and didn't even realize it until weeks later. That feeling of being played? Yeah, not doing that again","Hey Forward_Regular3768 — saw your post about How to Spot Manipulation Before It's Too Late: Dark Psycholo. This is a problem AXON is built to solve: AI outreach that finds the right leads and sends personalised messages that actually get replies. Launching in 2 weeks with 40% off for 20 founding members. What does your current customer acquisition look like?","pending","2026-03-14"
"True_One7607","reddit","https://www.reddit.com/r/workingmoms/comments/1rsvdvk/i_am_at_the_point_where_i_tempted_to_shoplift_to","obviously I'm not going to, because the last thing I need a criminal record, but I am struggling. I make &quot;too much&quot; for SNAP, TANF or low income housing benefits. my daughter's biological father is in jail for assaulting a minor child, so c","Hey True_One7607 — read your post about I am at the point where I tempted to shoplift to be able to . Distribution is the hardest part of early SaaS — most builders are great at product and terrible at outbound. AXON handles the outbound side: verified leads, AI-personalised emails, automated follow-ups. Launching in 2 weeks with 20 founding spots at 40% off. Have you tried cold outreach yet or been focused on inbound?","pending","2026-03-14"
"Traveling_writer52","reddit","https://www.reddit.com/r/AIO/comments/1rsvc7u/aio_for_not_wanting_to_go_in_on_another_car_loan","Back in September of last year when we took his car in for an oil change, he was told that the hood latch needed to be replaced. We didn't have the money at that moment, so I told my husband to wait another week for the paychecks to come in. Well, th","Hey Traveling_writer52 — saw your post about AIO for not wanting to go in on another car loan with my hus. This is a problem AXON is built to solve: AI outreach that finds the right leads and sends personalised messages that actually get replies. Launching in 2 weeks with 40% off for 20 founding members. What does your current customer acquisition look like?","pending","2026-03-14"
"AutoModerator","reddit","https://www.reddit.com/r/egyptstory/comments/1rsvbea/fuel_your_brand_with_digital_creativity_malafaat","Digital Branding , In today’s fast-paced digital world, your online presence is no longer a luxury — it’s your frontline.   At   Malafaat  , we believe that true digital transformation starts with creativity, but is only impactful when backed by smar","Hey AutoModerator — saw your post about Fuel Your Brand with Digital Creativity — Malafaat — Where S. This is a problem AXON is built to solve: AI outreach that finds the right leads and sends personalised messages that actually get replies. Launching in 2 weeks with 40% off for 20 founding members. What does your current customer acquisition look like?","pending","2026-03-14"
"Gold-Advance4370","reddit","https://www.reddit.com/r/AskHR/comments/1rsv7mc/wi_i_work_in_hr_but_i_dont_know_wtf_to_do_in_this","I don’t usually post on Reddit (only lurk), but my situation is driving me to a point of exhaustion and I need outside advice.    I’ve been with a company for over a year now and I work in a speciality space of HR (think benefits, engagement, comp, p","Hey Gold-Advance4370 — saw your post about [WI] I work in HR but I don’t know wtf to do in this situati. This is a problem AXON is built to solve: AI outreach that finds the right leads and sends personalised messages that actually get replies. Launching in 2 weeks with 40% off for 20 founding members. What does your current customer acquisition look like?","pending","2026-03-14"
"TruthDisciple417","reddit","https://www.reddit.com/r/ParanormalEncounters/comments/1rsv4vh/my_experience_with_him","He opened my Eyes    I grew up in and out of Church   I had many family and friends that I did cherish.   I Felt the call to preach at 18    To many people felt like they couldn't understand. And when I asked how can they tell me what to do? They've ","Hey TruthDisciple417 — saw your post about My Experience with Him. This is a problem AXON is built to solve: AI outreach that finds the right leads and sends personalised messages that actually get replies. Launching in 2 weeks with 40% off for 20 founding members. What does your current customer acquisition look like?","pending","2026-03-14"
"No-Option595","reddit","https://www.reddit.com/r/Fibroids/comments/1rsuyiz/uk_nhs_refusing_to_engage_with_me_what_do","Hi all, I'm hoping to get some help with understanding what's going on and what to do next. I'm in the UK so I think this is going to be an NHS specific issue.   I had a CT scan for digestive problems and according to the radiographer's report, the o","Hey No-Option595 — saw your post about UK NHS refusing to engage with me, what do?. This is a problem AXON is built to solve: AI outreach that finds the right leads and sends personalised messages that actually get replies. Launching in 2 weeks with 40% off for 20 founding members. What does your current customer acquisition look like?","pending","2026-03-14"
"Superb-Piano2950","reddit","https://www.reddit.com/r/SCON/comments/1rsux9k/finally_found_the_best_iptv_service_provider_in","This is my honest review on how to get a reliable IPTV Subscription in Canada without the expensive cable bills from the &quot;Big Three.&quot; Internet Protocol Television (IPTV) continues to transform how Canadians watch TV. Instead of paying for c","Hey Superb-Piano2950 — saw your post about Finally Found the Best IPTV Service Provider in Canada That . This is a problem AXON is built to solve: AI outreach that finds the right leads and sends personalised messages that actually get replies. Launching in 2 weeks with 40% off for 20 founding members. What does your current customer acquisition look like?","pending","2026-03-14"
"Repulsive-Athlete441","reddit","https://www.reddit.com/r/BreakUps/comments/1rsuw76/what_is_the_chance_of_us_getting_back_together","For more information my (33M) girlfriend of 2 years (28F) just broke up with me about a month ago, suddenly too. We had planned on moving across the country with each other and about 3 weeks before the big move she decided to call it quits.    For so","Hey Repulsive-Athlete441 — saw your post about What is the chance of us getting back together?. This is a problem AXON is built to solve: AI outreach that finds the right leads and sends personalised messages that actually get replies. Launching in 2 weeks with 40% off for 20 founding members. What does your current customer acquisition look like?","pending","2026-03-14"
"LiberalontheRight","reddit","https://www.reddit.com/r/araftaa/comments/1rsuvpp/my_soul_is_healed","SPOILER ALERT . EP 83-85   This is the most Ates and Mercan have communicated. The growth and patience that Ates has displayed is incredible.    The makers were speed rolling in these 3 episodes! So much happened!       Asli confessed to her crimes t","Hey LiberalontheRight — saw your post about My soul is healed. This is a problem AXON is built to solve: AI outreach that finds the right leads and sends personalised messages that actually get replies. Launching in 2 weeks with 40% off for 20 founding members. What does your current customer acquisition look like?","pending","2026-03-14"
"troWawAy67hYygv","reddit","https://www.reddit.com/r/QuitPorn/comments/1rsurye/need_advice","hi. throwaway account as ill delete reddit in a week again.   im 18m, and ive been addicted to porn for most of my life. first exposure was at 6 but i didnt really know what it was however when i turned about 10 i found it again and since ive been ac","Hey troWawAy67hYygv — saw your post about need advice. This is a problem AXON is built to solve: AI outreach that finds the right leads and sends personalised messages that actually get replies. Launching in 2 weeks with 40% off for 20 founding members. What does your current customer acquisition look like?","pending","2026-03-14"
"Affectionate-Kale-16","reddit","https://www.reddit.com/r/stories/comments/1rsurti/should_i_try_to_keep_going_on_this_essay_or_just","Chicken Slippers Emily Wynn February 2026     I was in a rush. I had 30 minutes to get groceries on my lunch break so that I wouldn’t have to stop after work. I strategically bobbed and weaved through the holiday aisles stuffed with seasonal nonsense","Hey Affectionate-Kale-16 — saw your post about Should I try to keep going on this essay or just Chuck it. This is a problem AXON is built to solve: AI outreach that finds the right leads and sends personalised messages that actually get replies. Launching in 2 weeks with 40% off for 20 founding members. What does your current customer acquisition look like?","pending","2026-03-14"
"albinotonnina","reddit","https://www.reddit.com/r/SideProject/comments/1rsurlj/this_is_the_project_id_like_to_submit_to_you","When life gets heavy, your memory goes first.   Stress, burnout, grief, chaos... whatever you're going through, your brain starts dropping things. Notes you meant to save. Articles you wanted to read. Ideas that felt important at 2am. Gone.   I built","Hey albinotonnina — saw your post about this is the project I'd like to submit to you today: echOS. This is a problem AXON is built to solve: AI outreach that finds the right leads and sends personalised messages that actually get replies. Launching in 2 weeks with 40% off for 20 founding members. What does your current customer acquisition look like?","pending","2026-03-14"
"Status-Counter-5006","reddit","https://www.reddit.com/r/AutisticParents/comments/1rsupnx/feeling_burnt_out","New to community.    SAHD, married, 2 kids (1 diagnosed AuDHD, GAD, MDD, ARFID, ODD, + more acronyms), part-time college student trying to finish his AA in Nutrition and a culinary management program.    Ive been a SAHD for just over 4 years now sinc","Hey Status-Counter-5006 — saw your post about Feeling Burnt Out. This is a problem AXON is built to solve: AI outreach that finds the right leads and sends personalised messages that actually get replies. Launching in 2 weeks with 40% off for 20 founding members. What does your current customer acquisition look like?","pending","2026-03-14"
"lilymily450","reddit","https://www.reddit.com/r/AITAH/comments/1rsuo85/aitah_for_cutting_ties_with_my_best_friend_for","Hi, first of all, i wanna tell that English is not my first language, so it may be confusing sometimes. i will try to translate everything as clear as i can. i also will change some details, so nobody of my friends would recognise me.   Me and my ex ","Hey lilymily450 — saw your post about AITAH for cutting ties with my best friend for befriending w. This is a problem AXON is built to solve: AI outreach that finds the right leads and sends personalised messages that actually get replies. Launching in 2 weeks with 40% off for 20 founding members. What does your current customer acquisition look like?","pending","2026-03-14"
"The_Cooler_Server","reddit","https://www.reddit.com/r/FindAUnit/comments/1rsunv9/a3recruitingus_the_cooler_server_a_relaxed_arma","Arma 3 and Arma Reforger          TCS Website    ㅤㅤㅤㅤㅤㅤㅤㅤㅤㅤㅤㅤㅤㅤㅤㅤㅤㅤㅤㅤㅤㅤㅤㅤㅤㅤㅤㅤㅤㅤㅤㅤㅤㅤ    Apply On Our Discord!             Our 'Picture of the Week' Winner For Last Week. Taken by: Zapper!     https://preview.redd.it/zymf9fufquog1.png?width=1810&amp;fo","Hey The_Cooler_Server — saw your post about [A3][Recruiting][US] The Cooler Server: A Relaxed Arma Commu. This is a problem AXON is built to solve: AI outreach that finds the right leads and sends personalised messages that actually get replies. Launching in 2 weeks with 40% off for 20 founding members. What does your current customer acquisition look like?","pending","2026-03-14"
"hollis_canterby","reddit","https://www.reddit.com/r/LifeProTips/comments/1rsun8k/lpt_when_you_finish_a_task_at_work_spend_90","I started doing this after completely blanking during a performance review when my manager asked me to walk her through my contributions from the previous quarter. I knew I had done a lot, I could feel it, but I could not for the life of me reconstru","Hey hollis_canterby — saw your post about LPT: When you finish a task at work, spend 90 seconds writin. This is a problem AXON is built to solve: AI outreach that finds the right leads and sends personalised messages that actually get replies. Launching in 2 weeks with 40% off for 20 founding members. What does your current customer acquisition look like?","pending","2026-03-14"
"albinotonnina","reddit","https://www.reddit.com/r/selfhosted/comments/1rsum7x/this_is_the_project_id_like_to_submit_to_you","When life gets heavy, your memory goes first.    Stress, burnout, grief, chaos... whatever you're going through, your brain starts dropping things. Notes you meant to save. Articles you wanted to read. Ideas that felt important at 2am. Gone.    I bui","Hey albinotonnina — saw your post about this is the project I'd like to submit to you today: echOS. This is a problem AXON is built to solve: AI outreach that finds the right leads and sends personalised messages that actually get replies. Launching in 2 weeks with 40% off for 20 founding members. What does your current customer acquisition look like?","pending","2026-03-14"
"Chuck-em-out","reddit","https://www.reddit.com/r/TBI/comments/1rsulcu/its_been_5_days_since_my_boyfriend_got_hit_by_a","It’s been 5 days since my boyfriend got hit by a car. He has a skull fracture, two subdural bleeds that were 6mm thick when he first came into the hospital and a broken arm. His scans since then showed no increase in the density of the two hematoma a","Hey Chuck-em-out — saw your post about It’s been 5 days since my boyfriend got hit by a car. This is a problem AXON is built to solve: AI outreach that finds the right leads and sends personalised messages that actually get replies. Launching in 2 weeks with 40% off for 20 founding members. What does your current customer acquisition look like?","pending","2026-03-14"
"TruthDisciple417","reddit","https://www.reddit.com/r/ChristianDating/comments/1rsuk5d/love_is_an_adventure","Love is an Adventure     Valentine’s Time’s Adventure!         February is a very special time for any boyfriend or husband because of a particular holiday dedicated to showing love. It can be a simple, smooth holiday or an elaborate celebration that","Hey TruthDisciple417 — saw your post about Love is an adventure. This is a problem AXON is built to solve: AI outreach that finds the right leads and sends personalised messages that actually get replies. Launching in 2 weeks with 40% off for 20 founding members. What does your current customer acquisition look like?","pending","2026-03-14"
"Purpl_Turniip","reddit","https://www.reddit.com/r/citalopram_celexa/comments/1rsuk41/will_it_really_help","I've veen prescribed celexa, but i am not sure how it will help me, since most of the side effects are symptoms i want to get rid off.   So i visited my doctor early february because i lacked some focus and motivation to do my everyday chires and wor","Hey Purpl_Turniip — saw your post about Will it really help ?. This is a problem AXON is built to solve: AI outreach that finds the right leads and sends personalised messages that actually get replies. Launching in 2 weeks with 40% off for 20 founding members. What does your current customer acquisition look like?","pending","2026-03-14"
"True_One7607","reddit","https://www.reddit.com/r/antiwork/comments/1rsujbu/i_am_at_the_point_where_i_tempted_to_shoplift_to","obviously I'm not going to, because the last thing I need a criminal record, but I am struggling. I make &quot;too much&quot; for SNAP, TANF or low income housing benefits. my daughter's biological father is in jail for assaulting a minor child, so c","Hey True_One7607 — read your post about I am at the point where I tempted to shoplift to be able to . Distribution is the hardest part of early SaaS — most builders are great at product and terrible at outbound. AXON handles the outbound side: verified leads, AI-personalised emails, automated follow-ups. Launching in 2 weeks with 20 founding spots at 40% off. Have you tried cold outreach yet or been focused on inbound?","pending","2026-03-14"
"Alarming-Bet8462","reddit","https://www.reddit.com/r/AmItheAsshole/comments/1rsuik7/aita_for_refusing_to_lend_my_sister_my_work","I (24F) have a sister Maya, who is heading out on a vacation next week. Her own laptop died a few days ago and she asked if she could borrow mine so she could watch movies and check some emails while she’s away   The thing is my laptop is expensive. ","Hey Alarming-Bet8462 — saw your post about AITA for refusing to lend my sister my work laptop for her "". This is a problem AXON is built to solve: AI outreach that finds the right leads and sends personalised messages that actually get replies. Launching in 2 weeks with 40% off for 20 founding members. What does your current customer acquisition look like?","pending","2026-03-14"
"Affectionate-Kale-16","reddit","https://www.reddit.com/r/u_Affectionate-Kale-16/comments/1rsuhcl/should_i_give_up_on_this_essay_about_grief","Chicken Slippers Emily Wynn February 2026     I was in a rush. I had 30 minutes to get groceries on my lunch break so that I wouldn’t have to stop after work. I strategically bobbed and weaved through the holiday aisles stuffed with seasonal nonsense","Hey Affectionate-Kale-16 — saw your post about Should I give up on this essay about grief. This is a problem AXON is built to solve: AI outreach that finds the right leads and sends personalised messages that actually get replies. Launching in 2 weeks with 40% off for 20 founding members. What does your current customer acquisition look like?","pending","2026-03-14"
"aschesklave","reddit","https://www.reddit.com/r/abusiverelationships/comments/1rsuh74/is_suddenly_the_only_way_for_me_to_leave","Here's the basic summary.   11 years. Psychological, emotional, financial abuse, coercive control.   If I leave, they will be homeless, because they refuse to get a job unless it's the absolute perfect job (the type of job that only has maybe 2 posit","Hey aschesklave — saw your post about Is suddenly the only way for me to leave?. This is a problem AXON is built to solve: AI outreach that finds the right leads and sends personalised messages that actually get replies. Launching in 2 weeks with 40% off for 20 founding members. What does your current customer acquisition look like?","pending","2026-03-14"
"Realistic-Mud5473","reddit","https://www.reddit.com/r/discordhelp/comments/1rsugre/password_reset_help","Hey anyone, I just got an email from Discord saying my Discord account was suspended because I was using the same password for multiple websites, and that I need to make a new password but when I tried to make a new one it wouldn't work so could anyb","Hey Realistic-Mud5473 — saw your post about Password Reset help. This is a problem AXON is built to solve: AI outreach that finds the right leads and sends personalised messages that actually get replies. Launching in 2 weeks with 40% off for 20 founding members. What does your current customer acquisition look like?","pending","2026-03-14"
"Affectionate-Kale-16","reddit","https://www.reddit.com/r/EssayHelpCommunity/comments/1rsueef/should_i_give_up_on_writing_or_try_to_do","Chicken Slippers Emily Wynn February 2026     I was in a rush. I had 30 minutes to get groceries on my lunch break so that I wouldn’t have to stop after work. I strategically bobbed and weaved through the holiday aisles stuffed with seasonal nonsense","Hey Affectionate-Kale-16 — saw your post about Should I give up on writing or try to do something with this. This is a problem AXON is built to solve: AI outreach that finds the right leads and sends personalised messages that actually get replies. Launching in 2 weeks with 40% off for 20 founding members. What does your current customer acquisition look like?","pending","2026-03-14"
"ThenCommunication960","reddit","https://www.reddit.com/r/GetMoreCustomers","Welcome to r/GetMoreCustomers - the community for e-commerce store owners who want to attract more buyers, build trust, and grow sales. We share store audits, customer trust insights, and proven growth tactics that help you turn visitors into loyal c","Hey ThenCommunication960 — saw your post about GetMoreCustomers. This is a problem AXON is built to solve: AI outreach that finds the right leads and sends personalised messages that actually get replies. Launching in 2 weeks with 40% off for 20 founding members. What does your current customer acquisition look like?","pending","2026-03-14"
"Leather_Scarcity_753","reddit","https://www.reddit.com/r/TEMUpact/comments/1rsw5p2/trendtemu_coupon_code_acx290915_40_offfor","&quot;Verified All users can get a 40 off Temu Coupon code using the code ((''acx290915”)). This Temu $100 Off code is specifically for new and existing customers both and can be redeemed to receive a $100 discount on your purchase.   Our exclusive T","Hey Leather_Scarcity_753 — saw your post about (TREND)Temu Coupon Code [acx290915] {{40 off}}for First-time. This is a problem AXON is built to solve: AI outreach that finds the right leads and sends personalised messages that actually get replies. Launching in 2 weeks with 40% off for 20 founding members. What does your current customer acquisition look like?","pending","2026-03-14"
"Leather_Scarcity_753","reddit","https://www.reddit.com/r/TEMUpact/comments/1rsw5a1/trendtemu_coupon_code_acx29091550_off_for","&quot;Verified All users can get a 50% off Temu Coupon code using the code ((''acx290915”)). This Temu $100 Off code is specifically for new and existing customers both and can be redeemed to receive a $100 discount on your purchase.   Our exclusive ","Hey Leather_Scarcity_753 — saw your post about (TREND)Temu Coupon Code [acx290915]{{50% off}} for First-tim. This is a problem AXON is built to solve: AI outreach that finds the right leads and sends personalised messages that actually get replies. Launching in 2 weeks with 40% off for 20 founding members. What does your current customer acquisition look like?","pending","2026-03-14"
"Leather_Scarcity_753","reddit","https://www.reddit.com/r/TEMUpact/comments/1rsw4vj/trendtemu_coupon_code_acx290915100_off_for","&quot;Verified All users can get a $100 off Temu Coupon code using the code ((''acx290915”)). This Temu $100 Off code is specifically for new and existing customers both and can be redeemed to receive a $100 discount on your purchase.   Our exclusive","Hey Leather_Scarcity_753 — saw your post about (TREND)Temu Coupon Code [acx290915]{{$100 off}} for First-ti. This is a problem AXON is built to solve: AI outreach that finds the right leads and sends personalised messages that actually get replies. Launching in 2 weeks with 40% off for 20 founding members. What does your current customer acquisition look like?","pending","2026-03-14"
"Dwlr007","reddit","https://www.reddit.com/r/Gundam_G_Eternal/comments/1rsw31x/08th_ms_event","Shiro Amada - Lacking a traditional Affinity he's generally weaker than other Supports. He has good Ranged and functions as a Support, but a lot of Event Support pilots have 2x Support Attacks and he does not. Mp Up is useful for a Support, but we se","Hey Dwlr007 — saw your post about 08th MS Event. This is a problem AXON is built to solve: AI outreach that finds the right leads and sends personalised messages that actually get replies. Launching in 2 weeks with 40% off for 20 founding members. What does your current customer acquisition look like?","pending","2026-03-14"
"Superb-Fun6925","reddit","https://www.reddit.com/r/FiveMServersAdverts/comments/1rsvrsk/anomalyrp_10_open_recruitment","Hey everyone!    AnomalyRP is a brand new FiveM server we're building completely from scratch and opening soon — no fake numbers, no old drama, just us starting fresh and creating the kind of place we actually want to play in every day.    Our owner ","Hey Superb-Fun6925 — saw your post about AnomalyRP 1.0 Open Recruitment. This is a problem AXON is built to solve: AI outreach that finds the right leads and sends personalised messages that actually get replies. Launching in 2 weeks with 40% off for 20 founding members. What does your current customer acquisition look like?","pending","2026-03-14"
"Anxious_Ad8547","reddit","https://www.reddit.com/r/starbucks/comments/1rsvr0l/goodbye_starbucks","I've been a partner for three different locations, starting from 2019 to now. It was a job I always came back to because I enjoyed being with the customers and other partners, I loved making drinks, and to some degree, it was rewarding. I felt accomp","Hey Anxious_Ad8547 — saw your post about Goodbye starbucks!!!. This is a problem AXON is built to solve: AI outreach that finds the right leads and sends personalised messages that actually get replies. Launching in 2 weeks with 40% off for 20 founding members. What does your current customer acquisition look like?","pending","2026-03-14"
"VittoIsOnReddit","reddit","https://www.reddit.com/r/legaladvice/comments/1rsvq4y/getting_charged_by_a_third_party_company_debt","Location: Sweden (I know it US &amp; Canada, but I can welcome just advice on how to deal with a debt collecting company).    So I just registered with Kivra about a week ago and received a lovely notification that I owe money to UPS (how convenient,","Hey VittoIsOnReddit — saw your post about Getting charged by a third party company (debt collecting) I. This is a problem AXON is built to solve: AI outreach that finds the right leads and sends personalised messages that actually get replies. Launching in 2 weeks with 40% off for 20 founding members. What does your current customer acquisition look like?","pending","2026-03-14"
"char_leyb","reddit","https://www.reddit.com/r/ACCompetizione/comments/1rsvpig/a_lovehate_relationship","Evening all,   I just wanted to air something that's been bothering me lately and by bother, I mean, gets me quite depressed and just want to see if anyone else suffers with this. And if so, how you combat it.   I've recently joined the SIM racing fr","Hey char_leyb — saw your post about A love/hate relationship. This is a problem AXON is built to solve: AI outreach that finds the right leads and sends personalised messages that actually get replies. Launching in 2 weeks with 40% off for 20 founding members. What does your current customer acquisition look like?","pending","2026-03-14"
"YoiTsuitachi","reddit","https://www.reddit.com/r/MLQuestions/comments/1rsvmcs/building_a_local_voicecontrolled_desktop_agent","The Project:  I’m building a fully local, voice-controlled desktop agent (like a localized Jarvis). It runs as a background Python service with an event-driven architecture.    My Current Stack:     Models:   Dolphin3.0-Llama3.1-8B-measurement  and  ","Hey YoiTsuitachi — saw your post about Building a Local Voice-Controlled Desktop Agent (Llama 3.1 /. This is a problem AXON is built to solve: AI outreach that finds the right leads and sends personalised messages that actually get replies. Launching in 2 weeks with 40% off for 20 founding members. What does your current customer acquisition look like?","pending","2026-03-14"
"Frequent_Bid5982","reddit","https://www.reddit.com/r/MenLevelingUp/comments/1rsvm7l/how_to_get_disgustingly_educated_in_2025_the","Here is the formatted post with the 3 prioritized sources hyperlinked (books first, then BeFreed as mandatory):     Honestly, the education system failed most of us. We graduated knowing how to pass tests but not how to think. I spent years thinking ","Hey Frequent_Bid5982 — saw your post about How to Get DISGUSTINGLY Educated in 2025: the Science-Backed. This is a problem AXON is built to solve: AI outreach that finds the right leads and sends personalised messages that actually get replies. Launching in 2 weeks with 40% off for 20 founding members. What does your current customer acquisition look like?","pending","2026-03-14"
"Ambitious_Thought683","reddit","https://www.reddit.com/r/focusedmen/comments/1rsvilr/how_to_be_the_kind_of_man_women_dont_forget_what","I've spent months deep diving into this topic. Read about 15 books on attraction psychology, watched endless hours of research based content, listened to psychology podcasts until my ears hurt. And honestly? Most advice out there is straight up garba","Hey Ambitious_Thought683 — saw your post about How to be the kind of man women don’t forget: what actually . This is a problem AXON is built to solve: AI outreach that finds the right leads and sends personalised messages that actually get replies. Launching in 2 weeks with 40% off for 20 founding members. What does your current customer acquisition look like?","pending","2026-03-14"
"the_Kunal_77","reddit","https://www.reddit.com/r/MenWithDiscipline/comments/1rsvdml/how_to_heal_your_fixer_complex_in_relationships","You know that feeling when you meet someone and your brain immediately goes into problem-solving mode? You see their struggles, their chaos, their pain, and think &quot;I can help them.&quot; Before you know it, you're drowning in their issues while ","Hey the_Kunal_77 — saw your post about How to Heal Your Fixer Complex in Relationships Before It De. This is a problem AXON is built to solve: AI outreach that finds the right leads and sends personalised messages that actually get replies. Launching in 2 weeks with 40% off for 20 founding members. What does your current customer acquisition look like?","pending","2026-03-14"
"PliniosGame","reddit","https://www.reddit.com/r/TEMUpact/comments/1rsv864/unique_united_arab_emirates_temu_discount_code","Verified user can get a AED100 off Temu Coupon code using the code ((“act661415”)). This Temu AED100 Off code is specifically for new and existing customers both and can be redeemed to receive a AED100 discount on your purchase.    Our exclusive Temu","Hey PliniosGame — saw your post about 『UnIqUe』 United Arab Emirates ↔ Temu DISCOUNT^ Code ⟦""act661. This is a problem AXON is built to solve: AI outreach that finds the right leads and sends personalised messages that actually get replies. Launching in 2 weeks with 40% off for 20 founding members. What does your current customer acquisition look like?","pending","2026-03-14"
"PliniosGame","reddit","https://www.reddit.com/r/TEMUpact/comments/1rsv7ju/unique_switzerland_temu_discount_code_act661415","Verified user can get a CHF100 off Temu Coupon code using the code ((“act661415”)). This Temu CHF100 Off code is specifically for new and existing customers both and can be redeemed to receive a CHF100 discount on your purchase.    Our exclusive Temu","Hey PliniosGame — saw your post about 『UnIqUe』 Switzerland ↔ Temu DISCOUNT^ Code ⟦""act661415~#⟧ NE. This is a problem AXON is built to solve: AI outreach that finds the right leads and sends personalised messages that actually get replies. Launching in 2 weeks with 40% off for 20 founding members. What does your current customer acquisition look like?","pending","2026-03-14"
"PliniosGame","reddit","https://www.reddit.com/r/TEMUpact/comments/1rsv700/unique_korea_temu_discount_code_act661415_new_100","Verified user can get a ₩150,000 off Temu Coupon code using the code ((“act661415”)). This Temu ₩100 Off code is specifically for new and existing customers both and can be redeemed to receive a ₩100 discount on your purchase.    Our exclusive Temu C","Hey PliniosGame — saw your post about 『UnIqUe』 Korea ↔ Temu DISCOUNT^ Code ⟦""act661415~#⟧ NEW (₩10. This is a problem AXON is built to solve: AI outreach that finds the right leads and sends personalised messages that actually get replies. Launching in 2 weeks with 40% off for 20 founding members. What does your current customer acquisition look like?","pending","2026-03-14"
"PliniosGame","reddit","https://www.reddit.com/r/TEMUpact/comments/1rsv69m/unique_portugal_temu_discount_code_act661415_new","Verified user can get a €100 off Temu Coupon code using the code ((“act661415”)). This Temu €100 Off code is specifically for new and existing customers both and can be redeemed to receive a €100 discount on your purchase.    Our exclusive Temu Coupo","Hey PliniosGame — saw your post about 『UnIqUe』 Portugal ↔ Temu DISCOUNT^ Code ⟦""act661415~#⟧ NEW (. This is a problem AXON is built to solve: AI outreach that finds the right leads and sends personalised messages that actually get replies. Launching in 2 weeks with 40% off for 20 founding members. What does your current customer acquisition look like?","pending","2026-03-14"
"PliniosGame","reddit","https://www.reddit.com/r/TEMUpact/comments/1rsv5v9/unique_ireland_temu_discount_code_act661415_new","Verified user can get a €100 off Temu Coupon code using the code ((“act661415”)). This Temu €100 Off code is specifically for new and existing customers both and can be redeemed to receive a €100 discount on your purchase.    Our exclusive Temu Coupo","Hey PliniosGame — saw your post about 『UnIqUe』 Ireland ↔ Temu DISCOUNT^ Code ⟦""act661415~#⟧ NEW (€. This is a problem AXON is built to solve: AI outreach that finds the right leads and sends personalised messages that actually get replies. Launching in 2 weeks with 40% off for 20 founding members. What does your current customer acquisition look like?","pending","2026-03-14"
"PliniosGame","reddit","https://www.reddit.com/r/TEMUpact/comments/1rsv58a/unique_hungary_temu_discount_code_act661415_new","Verified user can get a Ft35,000 off Temu Coupon code using the code ((“act661415”)). This Temu Ft100 Off code is specifically for new and existing customers both and can be redeemed to receive a Ft100 discount on your purchase.    Our exclusive Temu","Hey PliniosGame — saw your post about 『UnIqUe』 Hungary ↔ Temu DISCOUNT^ Code ⟦""act661415~#⟧ NEW (F. This is a problem AXON is built to solve: AI outreach that finds the right leads and sends personalised messages that actually get replies. Launching in 2 weeks with 40% off for 20 founding members. What does your current customer acquisition look like?","pending","2026-03-14"
"PliniosGame","reddit","https://www.reddit.com/r/TEMUpact/comments/1rsv4io/unique_france_temu_discount_code_act661415_new","Verified user can get a €100 off Temu Coupon code using the code ((“act661415”)). This Temu €100 Off code is specifically for new and existing customers both and can be redeemed to receive a €100 discount on your purchase.    Our exclusive Temu Coupo","Hey PliniosGame — saw your post about 『UnIqUe』 France ↔ Temu DISCOUNT^ Code ⟦""act661415~#⟧ NEW (€1. This is a problem AXON is built to solve: AI outreach that finds the right leads and sends personalised messages that actually get replies. Launching in 2 weeks with 40% off for 20 founding members. What does your current customer acquisition look like?","pending","2026-03-14"
"PliniosGame","reddit","https://www.reddit.com/r/TEMUpact/comments/1rsv2gk/rare_finland_temu_discount_code_act661415_new_100","Verified user can get a €100 off Temu Coupon code using the code ((“act661415”)). This Temu €100 Off code is specifically for new and existing customers both and can be redeemed to receive a €100 discount on your purchase.    Our exclusive Temu Coupo","Hey PliniosGame — saw your post about 『RARE』 Finland ↔ Temu DISCOUNT^ Code ⟦""act661415~#⟧ NEW (€10. This is a problem AXON is built to solve: AI outreach that finds the right leads and sends personalised messages that actually get replies. Launching in 2 weeks with 40% off for 20 founding members. What does your current customer acquisition look like?","pending","2026-03-14"
"Short-Entertainer217","reddit","https://www.reddit.com/r/TemuCodeExchange/comments/1rsv2bm/austria_temu_coupon_code_100_off_act582105_for","Verified New And Existinguser can get a €200 off Temu Coupon code using the code ((“act582105”)). This Temu €200 Off code is specifically for new and existing customers both and can be redeemed to receive a 200 discount on your purchase.   Our exclus","Hey Short-Entertainer217 — saw your post about ✓⫷Austria ⫸Temu Coupon Code €100 off ✿""ACT582105""✿ For New u. This is a problem AXON is built to solve: AI outreach that finds the right leads and sends personalised messages that actually get replies. Launching in 2 weeks with 40% off for 20 founding members. What does your current customer acquisition look like?","pending","2026-03-14"
"PliniosGame","reddit","https://www.reddit.com/r/TEMUpact/comments/1rsv1qq/rare_denmark_temu_discount_code_act661415_new","Verified user can get a kr700 off Temu Coupon code using the code ((“act661415”)). This Temu kr100 Off code is specifically for new and existing customers both and can be redeemed to receive a kr100 discount on your purchase.    Our exclusive Temu Co","Hey PliniosGame — saw your post about 『RARE』 Denmark ↔ Temu DISCOUNT^ Code ⟦""act661415~#⟧ NEW (kr1. This is a problem AXON is built to solve: AI outreach that finds the right leads and sends personalised messages that actually get replies. Launching in 2 weeks with 40% off for 20 founding members. What does your current customer acquisition look like?","pending","2026-03-14"
"PliniosGame","reddit","https://www.reddit.com/r/TEMUpact/comments/1rsv14u/rare_chile_temu_discount_code_act661415_new_100","Verified user can get a $100 off Temu Coupon code using the code ((“act661415”)). This Temu $100 Off code is specifically for new and existing customers both and can be redeemed to receive a $100 discount on your purchase.    Our exclusive Temu Coupo","Hey PliniosGame — saw your post about 『RARE』 Chile ↔ Temu DISCOUNT^ Code ⟦""act661415~#⟧ NEW ($100 . This is a problem AXON is built to solve: AI outreach that finds the right leads and sends personalised messages that actually get replies. Launching in 2 weeks with 40% off for 20 founding members. What does your current customer acquisition look like?","pending","2026-03-14"
"PliniosGame","reddit","https://www.reddit.com/r/TEMUpact/comments/1rsv0oo/rare_usa_temu_discount_code_act661415_new_100_off","Verified user can get a $100 off Temu Coupon code using the code ((“act661415”)). This Temu $100 Off code is specifically for new and existing customers both and can be redeemed to receive a $100 discount on your purchase.    Our exclusive Temu Coupo","Hey PliniosGame — saw your post about 『RARE』 USA ↔ Temu DISCOUNT^ Code ⟦""act661415~#⟧ NEW ($100 Of. This is a problem AXON is built to solve: AI outreach that finds the right leads and sends personalised messages that actually get replies. Launching in 2 weeks with 40% off for 20 founding members. What does your current customer acquisition look like?","pending","2026-03-14"
"PliniosGame","reddit","https://www.reddit.com/r/TEMUpact/comments/1rsuzzw/rare_belgium_temu_discount_code_act661415_new_100","Verified user can get a €100 off Temu Coupon code using the code ((“act661415”)). This Temu €100 Off code is specifically for new and existing customers both and can be redeemed to receive a €100 discount on your purchase.    Our exclusive Temu Coupo","Hey PliniosGame — saw your post about 『RARE』 Belgium ↔ Temu DISCOUNT^ Code ⟦""act661415~#⟧ NEW (€10. This is a problem AXON is built to solve: AI outreach that finds the right leads and sends personalised messages that actually get replies. Launching in 2 weeks with 40% off for 20 founding members. What does your current customer acquisition look like?","pending","2026-03-14"
"PliniosGame","reddit","https://www.reddit.com/r/TEMUpact/comments/1rsuyvj/win_oman_temu_discount_code_act661415_new_omr100","Verified user can get a OMR40 off Temu Coupon code using the code ((“act661415”)). This Temu OMR100 Off code is specifically for new and existing customers both and can be redeemed to receive a OMR100 discount on your purchase.    Our exclusive Temu ","Hey PliniosGame — saw your post about 『WIN』 Oman ↔ Temu DISCOUNT^ Code ⟦""act661415^⟧ NEW (OMR100 O. This is a problem AXON is built to solve: AI outreach that finds the right leads and sends personalised messages that actually get replies. Launching in 2 weeks with 40% off for 20 founding members. What does your current customer acquisition look like?","pending","2026-03-14"
"PliniosGame","reddit","https://www.reddit.com/r/TEMUpact/comments/1rsuy3h/win_bahrain_temu_discount_code_act661415_new","Verified user can get a BHD40 off Temu Coupon code using the code ((“act661415”)). This Temu BHD100 Off code is specifically for new and existing customers both and can be redeemed to receive a BHD100 discount on your purchase.    Our exclusive Temu ","Hey PliniosGame — saw your post about 『WIN』 Bahrain ↔ Temu DISCOUNT^ Code ⟦""act661415^⟧ NEW (BHD10. This is a problem AXON is built to solve: AI outreach that finds the right leads and sends personalised messages that actually get replies. Launching in 2 weeks with 40% off for 20 founding members. What does your current customer acquisition look like?","pending","2026-03-14"
"jefftiffy","reddit","https://www.reddit.com/r/2007scape/comments/1rsuu3c/i_was_okay_with_the_price_increases_until_i_dealt","For context, I have been a member for around 20 years and have never lapsed membership. I used to be able to justify a price increase on the game (to a degree). I do really enjoy the game and it's been a part of my life since I was really young. But ","Hey jefftiffy — saw your post about I was okay with the price increases until I dealt with suppo. This is a problem AXON is built to solve: AI outreach that finds the right leads and sends personalised messages that actually get replies. Launching in 2 weeks with 40% off for 20 founding members. What does your current customer acquisition look like?","pending","2026-03-14"
"Nonsense_Bot","reddit","https://www.reddit.com/r/Comcast_Xfinity/comments/1rsuecz/paying_more_because_comcast_is_so_bad","I had an account promotion that just ran out. 1gig speed for 70 dollars. Promotion ends and now the price is 110. No big deal. I shop new plans and see there is a similar promotion for the same price but includes free Peacock, Hulu, and Disney+. Okay","Hey Nonsense_Bot — saw your post about Paying more because comcast is so bad. This is a problem AXON is built to solve: AI outreach that finds the right leads and sends personalised messages that actually get replies. Launching in 2 weeks with 40% off for 20 founding members. What does your current customer acquisition look like?","pending","2026-03-14"
"Single-Cherry8263","reddit","https://www.reddit.com/r/SocialBlueprint/comments/1rsudjh/how_to_be_disgustingly_rizzy_in_2025_the","I spent way too long analyzing this whole &quot;rizz&quot; phenomenon because honestly, watching people fumble basic human interaction was getting painful. Studied everything from evolutionary psychology to pickup theory to actual neuroscience resear","Hey Single-Cherry8263 — saw your post about How to Be Disgustingly Rizzy in 2025: The Psychology-Backed . This is a problem AXON is built to solve: AI outreach that finds the right leads and sends personalised messages that actually get replies. Launching in 2 weeks with 40% off for 20 founding members. What does your current customer acquisition look like?","pending","2026-03-14"
"jiya355","reddit","https://www.reddit.com/r/TEMUpact/comments/1rsuad1/hop_cyprus_temu_coupon_code_40_offacr834398for","Verified user can get a 40% off TEMU COUPON code using the code ((“acr834398”)). This TEMU 40% Off code is specifically for new and existing customers both and can be redeemed to receive a 40% discount on your purchase.   Our exclusive TEMU COUPON co","Hey jiya355 — saw your post about HOP Cyprus TEMU COUPON Code 40% off₾ACR834398₾For New & Exis. This is a problem AXON is built to solve: AI outreach that finds the right leads and sends personalised messages that actually get replies. Launching in 2 weeks with 40% off for 20 founding members. What does your current customer acquisition look like?","pending","2026-03-14"
"jiya355","reddit","https://www.reddit.com/r/TEMUpact/comments/1rsu9o1/hop_croatia_temu_coupon_code_40_offacr834398for","Verified user can get a 40% off TEMU COUPON code using the code ((“acr834398”)). This TEMU 40% Off code is specifically for new and existing customers both and can be redeemed to receive a 40% discount on your purchase.   Our exclusive TEMU COUPON co","Hey jiya355 — saw your post about HOP Croatia TEMU COUPON Code 40% off₾ACR834398₾For New & Exi. This is a problem AXON is built to solve: AI outreach that finds the right leads and sends personalised messages that actually get replies. Launching in 2 weeks with 40% off for 20 founding members. What does your current customer acquisition look like?","pending","2026-03-14"
"jiya355","reddit","https://www.reddit.com/r/TEMUpact/comments/1rsu9c4/hop_spain_temu_coupon_code_40_offacr834398for_new","Verified user can get a 40% off TEMU COUPON code using the code ((“acr834398”)). This TEMU 40% Off code is specifically for new and existing customers both and can be redeemed to receive a 40% discount on your purchase.   Our exclusive TEMU COUPON co","Hey jiya355 — saw your post about HOP Spain TEMU COUPON Code 40% off₾ACR834398₾For New & Exist. This is a problem AXON is built to solve: AI outreach that finds the right leads and sends personalised messages that actually get replies. Launching in 2 weeks with 40% off for 20 founding members. What does your current customer acquisition look like?","pending","2026-03-14"
"jiya355","reddit","https://www.reddit.com/r/TEMUpact/comments/1rsu8z5/hop_slovenia_temu_coupon_code_40_offacr834398for","Verified user can get a 40% off TEMU COUPON code using the code ((“acr834398”)). This TEMU 40% Off code is specifically for new and existing customers both and can be redeemed to receive a 40% discount on your purchase.   Our exclusive TEMU COUPON co","Hey jiya355 — saw your post about HOP Slovenia TEMU COUPON Code 40% off₾ACR834398₾For New & Ex. This is a problem AXON is built to solve: AI outreach that finds the right leads and sends personalised messages that actually get replies. Launching in 2 weeks with 40% off for 20 founding members. What does your current customer acquisition look like?","pending","2026-03-14"
"jiya355","reddit","https://www.reddit.com/r/TEMUpact/comments/1rsu8fs/hop_slovakia_temu_coupon_code_40_offacr834398for","Verified user can get a 40% off TEMU COUPON code using the code ((“acr834398”)). This TEMU 40% Off code is specifically for new and existing customers both and can be redeemed to receive a 40% discount on your purchase.   Our exclusive TEMU COUPON co","Hey jiya355 — saw your post about HOP Slovakia TEMU COUPON Code 40% off₾ACR834398₾For New & Ex. This is a problem AXON is built to solve: AI outreach that finds the right leads and sends personalised messages that actually get replies. Launching in 2 weeks with 40% off for 20 founding members. What does your current customer acquisition look like?","pending","2026-03-14"
"jiya355","reddit","https://www.reddit.com/r/TEMUpact/comments/1rsu83e/hop_romania_temu_coupon_code_40_offacr834398for","Verified user can get a 40% off TEMU COUPON code using the code ((“acr834398”)). This TEMU 40% Off code is specifically for new and existing customers both and can be redeemed to receive a 40% discount on your purchase.   Our exclusive TEMU COUPON co","Hey jiya355 — saw your post about HOP Romania TEMU COUPON Code 40% off₾ACR834398₾For New & Exi. This is a problem AXON is built to solve: AI outreach that finds the right leads and sends personalised messages that actually get replies. Launching in 2 weeks with 40% off for 20 founding members. What does your current customer acquisition look like?","pending","2026-03-14"
"jiya355","reddit","https://www.reddit.com/r/TEMUpact/comments/1rsu7s2/hop_qatar_temu_coupon_code_40_offacr834398for_new","Verified user can get a 40% off TEMU COUPON code using the code ((“acr834398”)). This TEMU 40% Off code is specifically for new and existing customers both and can be redeemed to receive a 40% discount on your purchase.   Our exclusive TEMU COUPON co","Hey jiya355 — saw your post about HOP Qatar TEMU COUPON Code 40% off₾ACR834398₾For New & Exist. This is a problem AXON is built to solve: AI outreach that finds the right leads and sends personalised messages that actually get replies. Launching in 2 weeks with 40% off for 20 founding members. What does your current customer acquisition look like?","pending","2026-03-14"
"jiya355","reddit","https://www.reddit.com/r/TEMUpact/comments/1rsu7i0/hop_norway_temu_coupon_code_40_offacr834398for","Verified user can get a 40% off TEMU COUPON code using the code ((“acr834398”)). This TEMU 40% Off code is specifically for new and existing customers both and can be redeemed to receive a 40% discount on your purchase.   Our exclusive TEMU COUPON co","Hey jiya355 — saw your post about HOP Norway TEMU COUPON Code 40% off₾ACR834398₾For New & Exis. This is a problem AXON is built to solve: AI outreach that finds the right leads and sends personalised messages that actually get replies. Launching in 2 weeks with 40% off for 20 founding members. What does your current customer acquisition look like?","pending","2026-03-14"
"jiya355","reddit","https://www.reddit.com/r/TEMUpact/comments/1rsu75f/hop_latvia_temu_coupon_code_40_offacr834398for","Verified user can get a 40% off TEMU COUPON code using the code ((“acr834398”)). This TEMU 40% Off code is specifically for new and existing customers both and can be redeemed to receive a 40% discount on your purchase.   Our exclusive TEMU COUPON co","Hey jiya355 — saw your post about HOP Latvia TEMU COUPON Code 40% off₾ACR834398₾For New & Exis. This is a problem AXON is built to solve: AI outreach that finds the right leads and sends personalised messages that actually get replies. Launching in 2 weeks with 40% off for 20 founding members. What does your current customer acquisition look like?","pending","2026-03-14"
"jiya355","reddit","https://www.reddit.com/r/TEMUpact/comments/1rsu6s8/hop_lithuania_temu_free_code_40_offacr834398for","Verified user can get a 40% off TEMU COUPON code using the code ((“acr834398”)). This TEMU 40% Off code is specifically for new and existing customers both and can be redeemed to receive a 40% discount on your purchase.   Our exclusive TEMU COUPON co","Hey jiya355 — saw your post about HOP Lithuania TEMU *Free* Code 40% off₾ACR834398₾For New & E. This is a problem AXON is built to solve: AI outreach that finds the right leads and sends personalised messages that actually get replies. Launching in 2 weeks with 40% off for 20 founding members. What does your current customer acquisition look like?","pending","2026-03-14"
"jiya355","reddit","https://www.reddit.com/r/TEMUpact/comments/1rsu6fw/hop_estonia_temu_coupon_code_40_offacr834398for","Verified user can get a 40% off TEMU COUPON code using the code ((“acr834398”)). This TEMU 40% Off code is specifically for new and existing customers both and can be redeemed to receive a 40% discount on your purchase.   Our exclusive TEMU COUPON co","Hey jiya355 — saw your post about HOP Estonia TEMU COUPON Code 40% off₾ACR834398₾For New & Exi. This is a problem AXON is built to solve: AI outreach that finds the right leads and sends personalised messages that actually get replies. Launching in 2 weeks with 40% off for 20 founding members. What does your current customer acquisition look like?","pending","2026-03-14"
"Lyusi325","reddit","https://www.reddit.com/r/techsupport/comments/1rsu5fb/atalocked_wd_hdd_with_tampered_master_password","Stupid TV companies...   HDD info (obtained through hdparm in Ubuntu):  Model Number: WDC WD5000AVDS-63U7B1  Serial Number: WD-WCAV9FD28963  Firmware Revision: 01.00A01  Security:  Master password revision code = 65297  supported  enabled  locked  no","Hey Lyusi325 — saw your post about ATA-locked WD HDD with tampered master password. This is a problem AXON is built to solve: AI outreach that finds the right leads and sends personalised messages that actually get replies. Launching in 2 weeks with 40% off for 20 founding members. What does your current customer acquisition look like?","pending","2026-03-14"
"ContributionRare6616","reddit","https://www.reddit.com/r/TEMUpact/comments/1rsu3wa/top_class_tℰmu_coupon_code_300_off_acr834398_for","Verified user can get a $300 TEMU COUPON code using the code ((“acr834398”)). This TEMU $100 Off code is specifically for new and existing customers both and can be redeemed to receive a $100 discount on your purchase.   Our exclusive TEMU COUPON cod","Hey ContributionRare6616 — saw your post about [{¥✓Top_Class}] TℰMU Coupon Code [$300 off [ACR834398] For N. This is a problem AXON is built to solve: AI outreach that finds the right leads and sends personalised messages that actually get replies. Launching in 2 weeks with 40% off for 20 founding members. What does your current customer acquisition look like?","pending","2026-03-14"
"ContributionRare6616","reddit","https://www.reddit.com/r/TEMUpact/comments/1rsu2t9/top_class_tℰmu_coupon_code_200_off_acr834398_for","Verified user can get a $200 TEMU COUPON code using the code ((“acr834398”)). This TEMU $100 Off code is specifically for new and existing customers both and can be redeemed to receive a $100 discount on your purchase.   Our exclusive TEMU COUPON cod","Hey ContributionRare6616 — saw your post about [{¥✓Top_Class}] TℰMU Coupon Code [$200 Off [ACR834398] For N. This is a problem AXON is built to solve: AI outreach that finds the right leads and sends personalised messages that actually get replies. Launching in 2 weeks with 40% off for 20 founding members. What does your current customer acquisition look like?","pending","2026-03-14"
"ContributionRare6616","reddit","https://www.reddit.com/r/TEMUpact/comments/1rsu16o/top_class_tℰmu_coupon_code_120_off_acr834398_for","Verified user can get a $120 TEMU COUPON code using the code ((“acr834398”)). This TEMU $100 Off code is specifically for new and existing customers both and can be redeemed to receive a $100 discount on your purchase.   Our exclusive TEMU COUPON cod","Hey ContributionRare6616 — saw your post about [{¥✓Top_Class}] TℰMU Coupon Code [$120 Off [ACR834398] For N. This is a problem AXON is built to solve: AI outreach that finds the right leads and sends personalised messages that actually get replies. Launching in 2 weeks with 40% off for 20 founding members. What does your current customer acquisition look like?","pending","2026-03-14"
"ContributionRare6616","reddit","https://www.reddit.com/r/TEMUpact/comments/1rsu0ci/top_class_tℰmu_coupon_code_90_off_acr834398_for","Verified user can get a 90% TEMU COUPON code using the code ((“acr834398”)). This TEMU $100 Off code is specifically for new and existing customers both and can be redeemed to receive a $100 discount on your purchase.   Our exclusive TEMU COUPON code","Hey ContributionRare6616 — saw your post about [{¥✓Top_Class}] TℰMU Coupon Code [90% Off [ACR834398] For Ne. This is a problem AXON is built to solve: AI outreach that finds the right leads and sends personalised messages that actually get replies. Launching in 2 weeks with 40% off for 20 founding members. What does your current customer acquisition look like?","pending","2026-03-14"
"ContributionRare6616","reddit","https://www.reddit.com/r/TEMUpact/comments/1rstzqs/top_class_tℰmu_coupon_code_70_off_acr834398_for","Verified user can get a 40% TEMU COUPON code using the code ((“acr834398”)). This TEMU $100 Off code is specifically for new and existing customers both and can be redeemed to receive a $100 discount on your purchase.   Our exclusive TEMU COUPON code","Hey ContributionRare6616 — saw your post about [{¥✓Top_Class}] TℰMU Coupon Code [70% off [ACR834398] For Ne. This is a problem AXON is built to solve: AI outreach that finds the right leads and sends personalised messages that actually get replies. Launching in 2 weeks with 40% off for 20 founding members. What does your current customer acquisition look like?","pending","2026-03-14"
"ContributionRare6616","reddit","https://www.reddit.com/r/TEMUpact/comments/1rstz2c/top_class_tℰmu_coupon_code_40_off_acr834398_for","Verified user can get a 40 TEMU COUPON code using the code ((“acr834398”)). This TEMU $100 Off code is specifically for new and existing customers both and can be redeemed to receive a $100 discount on your purchase.   Our exclusive TEMU COUPON code ","Hey ContributionRare6616 — saw your post about [{¥✓Top_Class}] TℰMU Coupon Code [40 Off [ACR834398] For New. This is a problem AXON is built to solve: AI outreach that finds the right leads and sends personalised messages that actually get replies. Launching in 2 weeks with 40% off for 20 founding members. What does your current customer acquisition look like?","pending","2026-03-14"
"Lyusi325","reddit","https://www.reddit.com/r/WesternDigital/comments/1rsty62/atalock","Stupid TV companies...   HDD info (obtained through hdparm in Ubuntu):  Model Number: WDC WD5000AVDS-63U7B1  Serial Number: WD-WCAV9FD28963  Firmware Revision: 01.00A01  Security:  Master password revision code = 65297  supported  enabled  locked  no","Hey Lyusi325 — saw your post about ATA-lock. This is a problem AXON is built to solve: AI outreach that finds the right leads and sends personalised messages that actually get replies. Launching in 2 weeks with 40% off for 20 founding members. What does your current customer acquisition look like?","pending","2026-03-14"
"ContributionRare6616","reddit","https://www.reddit.com/r/TEMUpact/comments/1rstxwx/top_class_tℰmu_coupon_code_30_off_acr834398_for","Verified user can get a 30% TEMU COUPON code using the code ((“acr834398”)). This TEMU $100 Off code is specifically for new and existing customers both and can be redeemed to receive a $100 discount on your purchase.   Our exclusive TEMU COUPON code","Hey ContributionRare6616 — saw your post about [{¥✓Top_Class}] TℰMU Coupon Code [30% Off [ACR834398] For Ne. This is a problem AXON is built to solve: AI outreach that finds the right leads and sends personalised messages that actually get replies. Launching in 2 weeks with 40% off for 20 founding members. What does your current customer acquisition look like?","pending","2026-03-14"
"MFJDocumentary","reddit","https://www.reddit.com/r/amateurradio/comments/1rsttms/continued_ive_spent_2_years_working_on_a","Hi everyone!   Based on the strong response to my last post, I thought I would reach out to the mods and get permission to do a follow-up post and include a few more interesting tidbits regarding the MFJ documentary.   Thank you all so much for your ","Hey MFJDocumentary — saw your post about Continued: I've spent 2 years working on a documentary about. This is a problem AXON is built to solve: AI outreach that finds the right leads and sends personalised messages that actually get replies. Launching in 2 weeks with 40% off for 20 founding members. What does your current customer acquisition look like?","pending","2026-03-14"
"generalted","reddit","https://www.reddit.com/r/BeginnerWoodWorking/comments/1rstnhu/pnw_challenge_building_a_noroof_garden_station_no","I’m building a custom outdoor storage hub for a local community garden here in the  Pacific Northwest . The goal is to consolidate their mess into one &quot;Modular Hub&quot; containing:      Vertical tool rack  (shovels/hoes)    Slatted potter’s ben","Hey generalted — saw your post about PNW Challenge: Building a ""No-Roof"" Garden Station (No Press. This is a problem AXON is built to solve: AI outreach that finds the right leads and sends personalised messages that actually get replies. Launching in 2 weeks with 40% off for 20 founding members. What does your current customer acquisition look like?","pending","2026-03-14"
"LegitimateCycle7469","reddit","https://www.reddit.com/r/Temuaffiliateprogram/comments/1rst4xs/epic_puerto_rico_temu_coupon_code_act834398_70","NeW user can get a 70% off Temu Coupon Code using the code ((“act834398”)). This Temu 70% Off code is specifically for new and existing customers both and can be redeemed to receive a 70% Couponon your purchase.   Our exclusive Temu Coupon Code offer","Hey LegitimateCycle7469 — saw your post about 【Epic】 Puerto Rico Temu Coupon Code »»✪ act834398✪ 70% offFo. This is a problem AXON is built to solve: AI outreach that finds the right leads and sends personalised messages that actually get replies. Launching in 2 weeks with 40% off for 20 founding members. What does your current customer acquisition look like?","pending","2026-03-14"
"LegitimateCycle7469","reddit","https://www.reddit.com/r/TemuCodeExchange/comments/1rst2lp/temu_discount_code_acw959338_300_off_for","Verified user can get a 50% off Temu Coupon code using the code ((“acw959338”)). This Temu 50% Off code is specifically for new and existing customers both and can be redeemed to receive a 50% discount on your purchase.   Our exclusive Temu Coupon co","Hey LegitimateCycle7469 — saw your post about Temu Discount Code [{''acw959338''}] {{(^$^300 off^)}} •» fo. This is a problem AXON is built to solve: AI outreach that finds the right leads and sends personalised messages that actually get replies. Launching in 2 weeks with 40% off for 20 founding members. What does your current customer acquisition look like?","pending","2026-03-14"
"LegitimateCycle7469","reddit","https://www.reddit.com/r/TemuCodeExchange/comments/1rst20x/temu_usa90_off_discount_code_acw959338_for","Verified user can get a 50% off Temu Coupon code using the code ((“acw959338”)). This Temu 50% Off code is specifically for new and existing customers both and can be redeemed to receive a 50% discount on your purchase.   Our exclusive Temu Coupon co","Hey LegitimateCycle7469 — saw your post about Temu {{""USA""^90% off^""}} Discount Code [""acw959338""] For Exi. This is a problem AXON is built to solve: AI outreach that finds the right leads and sends personalised messages that actually get replies. Launching in 2 weeks with 40% off for 20 founding members. What does your current customer acquisition look like?","pending","2026-03-14"
"LegitimateCycle7469","reddit","https://www.reddit.com/r/TemuCodeExchange/comments/1rst1ib/temu_discount_code_70_off_acw959338_for_existing","Verified user can get a 50% off Temu Coupon code using the code ((“acw959338”)). This Temu 50% Off code is specifically for new and existing customers both and can be redeemed to receive a 50% discount on your purchase.   Our exclusive Temu Coupon co","Hey LegitimateCycle7469 — saw your post about TEMU Discount Code [{^70% Off^}] |[[^acw959338^]]| For Exist. This is a problem AXON is built to solve: AI outreach that finds the right leads and sends personalised messages that actually get replies. Launching in 2 weeks with 40% off for 20 founding members. What does your current customer acquisition look like?","pending","2026-03-14"
"Groundbreaking-Log6","reddit","https://www.reddit.com/r/TemuReferralCodesNew/comments/1rssy5u/enjoy_germany_temu_couponpromo_code_acs904137_100","Verified user can get a €100 off TemU Coupon Code [{&quot;acs904137&quot;}] using the Code [{&quot;acs904137&quot;}] ((''acs904137”)). This TemU €100 Off Code [{&quot;acs904137&quot;}] is specifically for new and existing customers both and can be re","Hey Groundbreaking-Log6 — saw your post about ‰Enjoy## Germany▷ Temu Coupon/Promo Code ↳ [⟦acs904137⟧] €10. This is a problem AXON is built to solve: AI outreach that finds the right leads and sends personalised messages that actually get replies. Launching in 2 weeks with 40% off for 20 founding members. What does your current customer acquisition look like?","pending","2026-03-14"
"LegitimateCycle7469","reddit","https://www.reddit.com/r/TemuCodeExchange/comments/1rsswlb/temu_2026_discount_code_90_off_acw959338_for","Verified user can get a 50% off Temu Coupon code using the code ((“acw959338”)). This Temu 50% Off code is specifically for new and existing customers both and can be redeemed to receive a 50% discount on your purchase.   Our exclusive Temu Coupon co","Hey LegitimateCycle7469 — saw your post about Temu (2026) Discount Code [90% Off] »''[acw959338""}} For Exi. This is a problem AXON is built to solve: AI outreach that finds the right leads and sends personalised messages that actually get replies. Launching in 2 weeks with 40% off for 20 founding members. What does your current customer acquisition look like?","pending","2026-03-14"
"Groundbreaking-Log6","reddit","https://www.reddit.com/r/TemuExistingPromo/comments/1rsswjw/legit_temucouponcode_new_zealand_acs904137_30_off","Verified user can get a 30% off TemU Coupon code using the code ((“acs904137”)). This TemU 30% Off code is specifically for new and existing customers both and can be redeemed to receive a 30% discount on your purchase.   Our exclusive TemU Coupon co","Hey Groundbreaking-Log6 — saw your post about ⋕Legit Temu⁌""CoUpOn""⁍CODE |>New Zealand""/ » [{acs904137}] ⟨3. This is a problem AXON is built to solve: AI outreach that finds the right leads and sends personalised messages that actually get replies. Launching in 2 weeks with 40% off for 20 founding members. What does your current customer acquisition look like?","pending","2026-03-14"
"Turt1eShark","reddit","https://www.reddit.com/r/talkingtalltales/comments/1rsswjr/finishing_the_pact_with_your_depressed_human_a","Verse 1   Verse 2   Verse 3   THIS SCRIPT HERE -approximately 2100 words   We've made it to the end of the miniseries! I will say, this is a pretty unconventional finale. However, like I mentioned in the description for part 1, one of the ideas that ","Hey Turt1eShark — saw your post about Finishing the Pact with Your Depressed Human (A Depressed Hu. This is a problem AXON is built to solve: AI outreach that finds the right leads and sends personalised messages that actually get replies. Launching in 2 weeks with 40% off for 20 founding members. What does your current customer acquisition look like?","pending","2026-03-14"
"LegitimateCycle7469","reddit","https://www.reddit.com/r/TemuCodeExchange/comments/1rssvld/temu_discount_code_40_off_acw959338_for_existing","Verified user can get a 50% off Temu Coupon code using the code ((“acw959338”)). This Temu 50% Off code is specifically for new and existing customers both and can be redeemed to receive a 50% discount on your purchase.   Our exclusive Temu Coupon co","Hey LegitimateCycle7469 — saw your post about $$» Temu Discount Code {{40 off}} [[^•^''acw959338^•^'']] Fo. This is a problem AXON is built to solve: AI outreach that finds the right leads and sends personalised messages that actually get replies. Launching in 2 weeks with 40% off for 20 founding members. What does your current customer acquisition look like?","pending","2026-03-14"
"LegitimateCycle7469","reddit","https://www.reddit.com/r/TemuCodeExchange/comments/1rssuzm/40_offtemu_promo_code_acw959338_for_existing_users","Verified user can get a 50% off Temu Coupon code using the code ((“acw959338”)). This Temu 50% Off code is specifically for new and existing customers both and can be redeemed to receive a 50% discount on your purchase.   Our exclusive Temu Coupon co","Hey LegitimateCycle7469 — saw your post about [{40% off}]Temu Promo Code [[acw959338']] for Existing Users. This is a problem AXON is built to solve: AI outreach that finds the right leads and sends personalised messages that actually get replies. Launching in 2 weeks with 40% off for 20 founding members. What does your current customer acquisition look like?","pending","2026-03-14"
"LegitimateCycle7469","reddit","https://www.reddit.com/r/TemuCodeExchange/comments/1rssuay/epic_mongolia_temu_coupon_code_act834398_70","NeW user can get a 70% off Temu Coupon Code using the code ((“act834398”)). This Temu 70% Off code is specifically for new and existing customers both and can be redeemed to receive a 70% Couponon your purchase.   Our exclusive Temu Coupon Code offer","Hey LegitimateCycle7469 — saw your post about 【Epic】 Mongolia Temu Coupon Code »»✪ act834398✪ 70% offFor A. This is a problem AXON is built to solve: AI outreach that finds the right leads and sends personalised messages that actually get replies. Launching in 2 weeks with 40% off for 20 founding members. What does your current customer acquisition look like?","pending","2026-03-14"
"Groundbreaking-Log6","reddit","https://www.reddit.com/r/TemuCouponDeals/comments/1rsstop/bigphilippinessavings_temu_coupon_code_acs904137","Verified user can get a ₱2,000 off TemU Coupon Code [{&quot;acs904137&quot;}] using the Code [{&quot;acs904137&quot;}] ((''acs904137”)). This TemU ₱100 Off Code [{&quot;acs904137&quot;}] is specifically for new and existing customers both and can be ","Hey Groundbreaking-Log6 — saw your post about 💰 BIG>>Philippines<<SAVINGS 💰 Temu COUPON CODE ⟦acs904137⟧ ➜. This is a problem AXON is built to solve: AI outreach that finds the right leads and sends personalised messages that actually get replies. Launching in 2 weeks with 40% off for 20 founding members. What does your current customer acquisition look like?","pending","2026-03-14"
"LegitimateCycle7469","reddit","https://www.reddit.com/r/TemuCodeExchange/comments/1rsssky/epic_albania_temu_coupon_code_act834398_70_offfor","NeW user can get a 70% off Temu Coupon Code using the code ((“act834398”)). This Temu 70% Off code is specifically for new and existing customers both and can be redeemed to receive a 70% Couponon your purchase.   Our exclusive Temu Coupon Code offer","Hey LegitimateCycle7469 — saw your post about 【Epic】 Albania Temu Coupon Code »»✪ act834398✪ 70% offFor Al. This is a problem AXON is built to solve: AI outreach that finds the right leads and sends personalised messages that actually get replies. Launching in 2 weeks with 40% off for 20 founding members. What does your current customer acquisition look like?","pending","2026-03-14"
"IdealHoliday1242","reddit","https://www.reddit.com/r/PotentialUnlocked/comments/1rsssia/how_to_actually_become_a_high_value_woman_the","Studied this for months so you don't have to. Stop chasing the wrong shit.   Here's the uncomfortable truth nobody wants to say out loud: most &quot;high value woman&quot; content is recycled garbage about designer bags and playing hard to get. I spe","Hey IdealHoliday1242 — saw your post about How to ACTUALLY Become a High Value Woman: The Psychology Be. This is a problem AXON is built to solve: AI outreach that finds the right leads and sends personalised messages that actually get replies. Launching in 2 weeks with 40% off for 20 founding members. What does your current customer acquisition look like?","pending","2026-03-14"
"Groundbreaking-Log6","reddit","https://www.reddit.com/r/TemuCodeExchange/comments/1rsss2u/temu_100_off_coupon_code_acs904137_valid_in","Verified user can get a €100 off TemU Coupon Code [{&quot;acs904137&quot;}] using the Code [{&quot;acs904137&quot;}] ((''acs904137”)). This TemU €100 Off Code [{&quot;acs904137&quot;}] is specifically for new and existing customers both and can be re","Hey Groundbreaking-Log6 — saw your post about ⧫ TEMU ⟪€100 OFF⟫⧫ ⟦Coupon Code⟧▷ [{acs904137}] ✺ Valid in N. This is a problem AXON is built to solve: AI outreach that finds the right leads and sends personalised messages that actually get replies. Launching in 2 weeks with 40% off for 20 founding members. What does your current customer acquisition look like?","pending","2026-03-14"
"LegitimateCycle7469","reddit","https://www.reddit.com/r/TemuCodeExchange/comments/1rssrt2/epic_north_macedonia_temu_coupon_code_act834398","NeW user can get a 70% off Temu Coupon Code using the code ((“act834398”)). This Temu 70% Off code is specifically for new and existing customers both and can be redeemed to receive a 70% Couponon your purchase.   Our exclusive Temu Coupon Code offer","Hey LegitimateCycle7469 — saw your post about 【Epic】 North Macedonia Temu Coupon Code »»✪ act834398✪ 70% o. This is a problem AXON is built to solve: AI outreach that finds the right leads and sends personalised messages that actually get replies. Launching in 2 weeks with 40% off for 20 founding members. What does your current customer acquisition look like?","pending","2026-03-14"
"Groundbreaking-Log6","reddit","https://www.reddit.com/r/TemuCodeExchange/comments/1rssrac/authenticitalydeal_temu_coupon_code_acs904137","Verified user can get a €100 off TemU Coupon Code [{&quot;acs904137&quot;}] using the Code [{&quot;acs904137&quot;}] ((''acs904137”)). This TemU €100 Off Code [{&quot;acs904137&quot;}] is specifically for new and existing customers both and can be re","Hey Groundbreaking-Log6 — saw your post about ✨ AUTHENTIC~Italy~DEAL ✨ Temu Coupon Code ⟦acs904137⟧ ➤ kr13. This is a problem AXON is built to solve: AI outreach that finds the right leads and sends personalised messages that actually get replies. Launching in 2 weeks with 40% off for 20 founding members. What does your current customer acquisition look like?","pending","2026-03-14"
"LegitimateCycle7469","reddit","https://www.reddit.com/r/TemuCodeExchange/comments/1rssqk8/epic_philippines_temu_coupon_code_act834398_70","NeW user can get a 70% off Temu Coupon Code using the code ((“act834398”)). This Temu 70% Off code is specifically for new and existing customers both and can be redeemed to receive a 70% Couponon your purchase.   Our exclusive Temu Coupon Code offer","Hey LegitimateCycle7469 — saw your post about 【Epic】 Philippines Temu Coupon Code »»✪ act834398✪ 70% offFo. This is a problem AXON is built to solve: AI outreach that finds the right leads and sends personalised messages that actually get replies. Launching in 2 weeks with 40% off for 20 founding members. What does your current customer acquisition look like?","pending","2026-03-14"
"Groundbreaking-Log6","reddit","https://www.reddit.com/r/TEMUpact/comments/1rsspyn/authenticgeorgiadeal_temu_coupon_code_acs904137","Verified user can get a ₾300 off TemU Coupon Code [{&quot;acs904137&quot;}] using the Code [{&quot;acs904137&quot;}] ((''acs904137”)). This TemU ₾100 Off Code [{&quot;acs904137&quot;}] is specifically for new and existing customers both and can be re","Hey Groundbreaking-Log6 — saw your post about ✨ AUTHENTIC~Georgia~DEAL ✨ Temu Coupon Code ⟦acs904137⟧ ➤ ₾3. This is a problem AXON is built to solve: AI outreach that finds the right leads and sends personalised messages that actually get replies. Launching in 2 weeks with 40% off for 20 founding members. What does your current customer acquisition look like?","pending","2026-03-14"
"LegitimateCycle7469","reddit","https://www.reddit.com/r/TemuCodeExchange/comments/1rsspvz/epic_malaysia_temu_coupon_code_act834398_70","NeW user can get a 70% off Temu Coupon Code using the code ((“act834398”)). This Temu 70% Off code is specifically for new and existing customers both and can be redeemed to receive a 70% Couponon your purchase.   Our exclusive Temu Coupon Code offer","Hey LegitimateCycle7469 — saw your post about 【Epic】 Malaysia Temu Coupon Code »»✪ act834398✪ 70% offFor A. This is a problem AXON is built to solve: AI outreach that finds the right leads and sends personalised messages that actually get replies. Launching in 2 weeks with 40% off for 20 founding members. What does your current customer acquisition look like?","pending","2026-03-14"
"LegitimateCycle7469","reddit","https://www.reddit.com/r/Temuaffiliateprogram/comments/1rssp26/newthailand_temu_coupon_code_50_offacw959338_for","Verified user can get a 50% off Temu Coupon code using the code ((“acw959338”)). This Temu 50% Off code is specifically for new and existing customers both and can be redeemed to receive a 50% discount on your purchase.   Our exclusive Temu Coupon co","Hey LegitimateCycle7469 — saw your post about [NEW]~@Thailand Temu Coupon Code 50% off⧘⁕acw959338⁕⧙ ≫For N. This is a problem AXON is built to solve: AI outreach that finds the right leads and sends personalised messages that actually get replies. Launching in 2 weeks with 40% off for 20 founding members. What does your current customer acquisition look like?","pending","2026-03-14"
"LegitimateCycle7469","reddit","https://www.reddit.com/r/Temuaffiliateprogram/comments/1rsso55/newperu_temu_coupon_code_50_offacw959338_for_new","Verified user can get a 50% off Temu Coupon code using the code ((“acw959338”)). This Temu 50% Off code is specifically for new and existing customers both and can be redeemed to receive a 50% discount on your purchase.   Our exclusive Temu Coupon co","Hey LegitimateCycle7469 — saw your post about [NEW]~@Peru Temu Coupon Code 50% off⧘⁕acw959338⁕⧙ ≫For New &. This is a problem AXON is built to solve: AI outreach that finds the right leads and sends personalised messages that actually get replies. Launching in 2 weeks with 40% off for 20 founding members. What does your current customer acquisition look like?","pending","2026-03-14"
"LegitimateCycle7469","reddit","https://www.reddit.com/r/Temuaffiliateprogram/comments/1rssn4i/newgermany_temu_coupon_code_50_offacw959338_for","Verified user can get a 50% off Temu Coupon code using the code ((“acw959338”)). This Temu 50% Off code is specifically for new and existing customers both and can be redeemed to receive a 50% discount on your purchase.   Our exclusive Temu Coupon co","Hey LegitimateCycle7469 — saw your post about [NEW]~@Germany Temu Coupon Code 50% off⧘⁕acw959338⁕⧙ ≫For Ne. This is a problem AXON is built to solve: AI outreach that finds the right leads and sends personalised messages that actually get replies. Launching in 2 weeks with 40% off for 20 founding members. What does your current customer acquisition look like?","pending","2026-03-14"
"Groundbreaking-Log6","reddit","https://www.reddit.com/r/TEMUpact/comments/1rssmqd/verified_temu_discount_code_acs904137_100_off","Verified user can get a £100 off TemU Coupon Code [{&quot;acs904137&quot;}] using the Code [{&quot;acs904137&quot;}] ((''acs904137”)). This TemU £100 Off Code [{&quot;acs904137&quot;}] is specifically for new and existing customers both and can be re","Hey Groundbreaking-Log6 — saw your post about 🔥VERIFIED🔥 Temu Discount Code ➤ ACS904137 ⇢ $100 OFF + Bonus. This is a problem AXON is built to solve: AI outreach that finds the right leads and sends personalised messages that actually get replies. Launching in 2 weeks with 40% off for 20 founding members. What does your current customer acquisition look like?","pending","2026-03-14"
"LegitimateCycle7469","reddit","https://www.reddit.com/r/Temuaffiliateprogram/comments/1rssmpd/newcolumbia_temu_coupon_code_50_offacw959338_for","Verified user can get a 50% off Temu Coupon code using the code ((“acw959338”)). This Temu 50% Off code is specifically for new and existing customers both and can be redeemed to receive a 50% discount on your purchase.   Our exclusive Temu Coupon co","Hey LegitimateCycle7469 — saw your post about [NEW]~@Columbia Temu Coupon Code 50% off⧘⁕acw959338⁕⧙ ≫For N. This is a problem AXON is built to solve: AI outreach that finds the right leads and sends personalised messages that actually get replies. Launching in 2 weeks with 40% off for 20 founding members. What does your current customer acquisition look like?","pending","2026-03-14"
"LegitimateCycle7469","reddit","https://www.reddit.com/r/Temuaffiliateprogram/comments/1rssmb5/newturkiye_temu_coupon_code_50_offact834398_for","NeW user can get a 50% off Temu Coupon Code using the code ((“act834398”)). This Temu 50% Off code is specifically for new and existing customers both and can be redeemed to receive a 50% Couponon your purchase.   Our exclusive Temu Coupon Code offer","Hey LegitimateCycle7469 — saw your post about [NEW]~@Turkiye Temu Coupon Code 50% off⧘⁕act834398⁕⧙ ≫For Ne. This is a problem AXON is built to solve: AI outreach that finds the right leads and sends personalised messages that actually get replies. Launching in 2 weeks with 40% off for 20 founding members. What does your current customer acquisition look like?","pending","2026-03-14"
"LegitimateCycle7469","reddit","https://www.reddit.com/r/Temuaffiliateprogram/comments/1rsslyo/newserbia_temu_coupon_code_50_offact834398_for","NeW user can get a 50% off Temu Coupon Code using the code ((“act834398”)). This Temu 50% Off code is specifically for new and existing customers both and can be redeemed to receive a 50% Couponon your purchase.   Our exclusive Temu Coupon Code offer","Hey LegitimateCycle7469 — saw your post about [NEW]~@Serbia Temu Coupon Code 50% off⧘⁕act834398⁕⧙ ≫For New. This is a problem AXON is built to solve: AI outreach that finds the right leads and sends personalised messages that actually get replies. Launching in 2 weeks with 40% off for 20 founding members. What does your current customer acquisition look like?","pending","2026-03-14"
"LegitimateCycle7469","reddit","https://www.reddit.com/r/Temuaffiliateprogram/comments/1rsslmj/newdominican_republic_temu_coupon_code_50","NeW user can get a 50% off Temu Coupon Code using the code ((“act834398”)). This Temu 50% Off code is specifically for new and existing customers both and can be redeemed to receive a 50% Couponon your purchase.   Our exclusive Temu Coupon Code offer","Hey LegitimateCycle7469 — saw your post about [NEW]~@Dominican Republic Temu Coupon Code 50% off⧘⁕act83439. This is a problem AXON is built to solve: AI outreach that finds the right leads and sends personalised messages that actually get replies. Launching in 2 weeks with 40% off for 20 founding members. What does your current customer acquisition look like?","pending","2026-03-14"
"Ok_Breakfast1159","reddit","https://www.reddit.com/r/TEMUpact/comments/1rssko8/exclusive_italy_temu_coupon_code_300_off","NeW user can get a €300 off Temu Coupon code using the code ((''act937149 ”)). This Temu €300 Off code is specifically for new and existing customers both and can be redeemed to receive a €300 discount on your purchase.   Our exclusive Temu Coupon co","Hey Ok_Breakfast1159 — saw your post about ✨Exclusive ✨Italy Temu Coupon Code €300 off [{""act937149 ""}]. This is a problem AXON is built to solve: AI outreach that finds the right leads and sends personalised messages that actually get replies. Launching in 2 weeks with 40% off for 20 founding members. What does your current customer acquisition look like?","pending","2026-03-14"
"LegitimateCycle7469","reddit","https://www.reddit.com/r/Temuaffiliateprogram/comments/1rssk60/newuruguay_temu_coupon_code_50_offact834398_for","NeW user can get a 50% off Temu Coupon Code using the code ((“act834398”)). This Temu 50% Off code is specifically for new and existing customers both and can be redeemed to receive a 50% Couponon your purchase.   Our exclusive Temu Coupon Code offer","Hey LegitimateCycle7469 — saw your post about [NEW]~@Uruguay Temu Coupon Code 50% off⧘⁕act834398⁕⧙ ≫For Ne. This is a problem AXON is built to solve: AI outreach that finds the right leads and sends personalised messages that actually get replies. Launching in 2 weeks with 40% off for 20 founding members. What does your current customer acquisition look like?","pending","2026-03-14"
"TatoAbramishvili","reddit","https://www.reddit.com/r/ChatGPT/comments/1rsjing/chatgpt_is_bad_at_sales","After using it for a while for generating some outreach templates, content descriptions I've realized how much it fails to meet the expectations. I don't think this was the case in mid 2025 for example but lately I've caught myself using Gemini more ","Hey TatoAbramishvili — saw your post about ChatGPT is bad at sales?. This is a problem AXON is built to solve: AI outreach that finds the right leads and sends personalised messages that actually get replies. Launching in 2 weeks with 40% off for 20 founding members. What does your current customer acquisition look like?","pending","2026-03-14"
"Tight_Entrance4734","reddit","https://www.reddit.com/r/coldemail/comments/1rsha6u/my_experience_with_instantlyai_important","I wanted to share my experience with  Instantly.ai  in case it helps others.   I spent weeks setting up a cold outreach infrastructure around the platform. I purchased domains, created multiple email accounts, configured DNS records, and connected ev","Hey Tight_Entrance4734 — saw your post about My experience with Instantly.ai – important compatibility is. This is a problem AXON is built to solve: AI outreach that finds the right leads and sends personalised messages that actually get replies. Launching in 2 weeks with 40% off for 20 founding members. What does your current customer acquisition look like?","pending","2026-03-14"
"solopassions","reddit","https://www.reddit.com/r/GrowMyBusinessNow/comments/1rsav1o/tired_of_overnight_success_hype_heres_the_simple","If you're like me, you're probably fed up with generic &quot;scale your business to the moon!&quot; advice that rarely gets into the nuts and bolts. For the past year, my team and I have been quietly chipping away at  actual  growth, and I want to sh","Hey solopassions — saw your post about Tired of ""overnight success"" hype? Here's the simple system . This is a problem AXON is built to solve: AI outreach that finds the right leads and sends personalised messages that actually get replies. Launching in 2 weeks with 40% off for 20 founding members. What does your current customer acquisition look like?","pending","2026-03-14"
"Expensive-Queenie21","reddit","https://www.reddit.com/r/u_Expensive-Queenie21/comments/1rs7jeh/how_to_get_more_customers_from_ai_search_in_2025","Google still matters. But ignoring AI search means ignoring customers who convert at five to twenty times higher rates.   Here's what the data shows and what it takes to capture this traffic.    AI Search Customer Conversion Rates Are Dramatically Hi","Hey Expensive-Queenie21 — saw your post about How to Get More Customers From AI Search in 2025: ChatGPT, P. This is a problem AXON is built to solve: AI outreach that finds the right leads and sends personalised messages that actually get replies. Launching in 2 weeks with 40% off for 20 founding members. What does your current customer acquisition look like?","pending","2026-03-14"
"Striking-Reach4448","reddit","https://www.reddit.com/r/NoCodeSaaS/comments/1rs6w5q/ill_build_your_sales_funnel_that_will_convert_in","Most SaaS that have a good product fail because they don’t understand how to make growth repeatable. They spend on new channels or systems thinking that equals more money. Usually they’re just leaving revenue on the table from the channels they alrea","Hey Striking-Reach4448 — saw your post about I’ll build your sales funnel that will convert in 30 days. This is a problem AXON is built to solve: AI outreach that finds the right leads and sends personalised messages that actually get replies. Launching in 2 weeks with 40% off for 20 founding members. What does your current customer acquisition look like?","pending","2026-03-14"
"Striking-Reach4448","reddit","https://www.reddit.com/r/SaaSMarketing/comments/1rs6vxx/ill_build_your_sales_funnel_that_will_convert_in","Most SaaS that have a good product fail because they don’t understand how to make growth repeatable. They spend on new channels or systems thinking that equals more money. Usually they’re just leaving revenue on the table from the channels they alrea","Hey Striking-Reach4448 — saw your post about I’ll build your sales funnel that will convert in 30 days. This is a problem AXON is built to solve: AI outreach that finds the right leads and sends personalised messages that actually get replies. Launching in 2 weeks with 40% off for 20 founding members. What does your current customer acquisition look like?","pending","2026-03-14"
"Striking-Reach4448","reddit","https://www.reddit.com/r/SaasDevelopers/comments/1rs6v63/ill_build_your_sales_funnel_that_will_convert_in","Most SaaS that have a good product fail because they don’t understand how to make growth repeatable. They spend on new channels or systems thinking that equals more money. Usually they’re just leaving revenue on the table from the channels they alrea","Hey Striking-Reach4448 — saw your post about I’ll build your sales funnel that will convert in 30 days. This is a problem AXON is built to solve: AI outreach that finds the right leads and sends personalised messages that actually get replies. Launching in 2 weeks with 40% off for 20 founding members. What does your current customer acquisition look like?","pending","2026-03-14"
"Striking-Reach4448","reddit","https://www.reddit.com/r/micro_saas/comments/1rs6uvz/ill_build_your_sales_funnel_that_will_convert_in","Most SaaS that have a good product fail because they don’t understand how to make growth repeatable. They spend on new channels or systems thinking that equals more money. Usually they’re just leaving revenue on the table from the channels they alrea","Hey Striking-Reach4448 — saw your post about I’ll build your sales funnel that will convert in 30 days. This is a problem AXON is built to solve: AI outreach that finds the right leads and sends personalised messages that actually get replies. Launching in 2 weeks with 40% off for 20 founding members. What does your current customer acquisition look like?","pending","2026-03-14"
"Striking-Reach4448","reddit","https://www.reddit.com/r/SaaSSales/comments/1rs6uln/ill_build_your_sales_funnel_that_will_convert_in","Most SaaS that have a good product fail because they don’t understand how to make growth repeatable. They spend on new channels or systems thinking that equals more money. Usually they’re just leaving revenue on the table from the channels they alrea","Hey Striking-Reach4448 — saw your post about I’ll build your sales funnel that will convert in 30 days. This is a problem AXON is built to solve: AI outreach that finds the right leads and sends personalised messages that actually get replies. Launching in 2 weeks with 40% off for 20 founding members. What does your current customer acquisition look like?","pending","2026-03-14"
"Striking-Reach4448","reddit","https://www.reddit.com/r/microsaas/comments/1rs6u4l/ill_build_your_sales_funnel_that_will_convert_in","Most SaaS that have a good product fail because they don’t understand how to make growth repeatable. They spend on new channels or systems thinking that equals more money. Usually they’re just leaving revenue on the table from the channels they alrea","Hey Striking-Reach4448 — saw your post about I’ll build your sales funnel that will convert in 30 days. This is a problem AXON is built to solve: AI outreach that finds the right leads and sends personalised messages that actually get replies. Launching in 2 weeks with 40% off for 20 founding members. What does your current customer acquisition look like?","pending","2026-03-14"
"Striking-Reach4448","reddit","https://www.reddit.com/r/SaaS/comments/1rs6tm6/ill_build_your_sales_funnel_that_will_convert_in","Most SaaS that have a good product fail because they don’t understand how to make growth repeatable. They spend on new channels or systems thinking that equals more money. Usually they’re just leaving revenue on the table from the channels they alrea","Hey Striking-Reach4448 — saw your post about I’ll build your sales funnel that will convert in 30 days. This is a problem AXON is built to solve: AI outreach that finds the right leads and sends personalised messages that actually get replies. Launching in 2 weeks with 40% off for 20 founding members. What does your current customer acquisition look like?","pending","2026-03-14"
"Striking-Reach4448","reddit","https://www.reddit.com/r/growmybusiness/comments/1rs6t8k/ill_build_your_sales_funnel_that_will_convert_in","Most businesses that have a good product or service fail because they don’t understand how to make growth repeatable. They spend on new channels or systems thinking that equals more money. Usually they’re just leaving revenue on the table from the ch","Hey Striking-Reach4448 — saw your post about I’ll build your sales funnel that will convert in 30 days ?. This is a problem AXON is built to solve: AI outreach that finds the right leads and sends personalised messages that actually get replies. Launching in 2 weeks with 40% off for 20 founding members. What does your current customer acquisition look like?","pending","2026-03-14"
"Striking-Reach4448","reddit","https://www.reddit.com/r/youngentrepreneur/comments/1rs6sw4/ill_build_your_sales_funnel_that_will_convert_in","Most businesses that have a good product or service fail because they don’t understand how to make growth repeatable. They spend on new channels or systems thinking that equals more money. Usually they’re just leaving revenue on the table from the ch","Hey Striking-Reach4448 — saw your post about I’ll build your sales funnel that will convert in 30 days. This is a problem AXON is built to solve: AI outreach that finds the right leads and sends personalised messages that actually get replies. Launching in 2 weeks with 40% off for 20 founding members. What does your current customer acquisition look like?","pending","2026-03-14"
"Striking-Reach4448","reddit","https://www.reddit.com/r/Entrepreneurs/comments/1rs6sb9/ill_build_your_sales_funnel_that_will_convert_in","Most businesses that have a good product or service fail because they don’t understand how to make growth repeatable. They spend on new channels or systems thinking that equals more money. Usually they’re just leaving revenue on the table from the ch","Hey Striking-Reach4448 — saw your post about I’ll build your sales funnel that will convert in 30 days. This is a problem AXON is built to solve: AI outreach that finds the right leads and sends personalised messages that actually get replies. Launching in 2 weeks with 40% off for 20 founding members. What does your current customer acquisition look like?","pending","2026-03-14"
"Striking-Reach4448","reddit","https://www.reddit.com/r/Solopreneur/comments/1rs6rx2/ill_build_your_sales_funnel_that_will_convert_in","Most businesses that have a good product or service fail because they don’t understand how to make growth repeatable. They spend on new channels or systems thinking that equals more money. Usually they’re just leaving revenue on the table from the ch","Hey Striking-Reach4448 — saw your post about I’ll build your sales funnel that will convert in 30 days. This is a problem AXON is built to solve: AI outreach that finds the right leads and sends personalised messages that actually get replies. Launching in 2 weeks with 40% off for 20 founding members. What does your current customer acquisition look like?","pending","2026-03-14"
"Shr_17","reddit","https://www.reddit.com/r/SaaS/comments/1rs3uwa/i_will_not_be_ashamed_to_promote_my_startup","I just launched my startup got 20 enterprise customer through direct outreach who use my product daily and really use ful for entrepreneur like you.   But when i realised that lot of founder like who have previously failed because founder who was car","Hey Shr_17 — saw your post about I will not be ashamed to promote my startup. This is a problem AXON is built to solve: AI outreach that finds the right leads and sends personalised messages that actually get replies. Launching in 2 weeks with 40% off for 20 founding members. What does your current customer acquisition look like?","pending","2026-03-14"
"Visual-Tap-3196","reddit","https://www.reddit.com/r/scarystories/comments/1rs0tvc/there_were_demons_in_laos_mvt_i","It was the 17th of January, 1971.   A switch flicks and lights whirr to life as men in olive flood a room with bumbling gait. Chairs clink against one another and scrape at tile with the rubbing of fabric subsiding into a dull static. A white sheet u","Hey Visual-Tap-3196 — saw your post about There Were Demons in Laos | MVT I. This is a problem AXON is built to solve: AI outreach that finds the right leads and sends personalised messages that actually get replies. Launching in 2 weeks with 40% off for 20 founding members. What does your current customer acquisition look like?","pending","2026-03-14"
"Visual-Tap-3196","reddit","https://www.reddit.com/r/CreepCast_Submissions/comments/1rs0miw/there_were_demons_in_laos_mvt_i","It was the 17th of January, 1971.   A switch flicks and lights whirr to life as men in olive flood a room with bumbling gait. Chairs clink against one another and scrape at tile with the rubbing of fabric subsiding into a dull static. A white sheet u","Hey Visual-Tap-3196 — saw your post about There Were Demons in Laos | Mvt. I. This is a problem AXON is built to solve: AI outreach that finds the right leads and sends personalised messages that actually get replies. Launching in 2 weeks with 40% off for 20 founding members. What does your current customer acquisition look like?","pending","2026-03-14"
"Far_Ad2711","reddit","https://www.reddit.com/r/EmailOutreach/comments/1rrtt27/lemlist_review_2026_real_results_after_9_months","I've been using Lemlist almost every day for the past 9 months, so I thought I'd share an honest review based on actual usage rather than first impressions.Before Lemlist, I tried a few different outreach tools. Some were focused on high-volume sendi","Hey Far_Ad2711 — saw your post about Lemlist Review 2026: Real Results After 9 Months of Daily Us. This is a problem AXON is built to solve: AI outreach that finds the right leads and sends personalised messages that actually get replies. Launching in 2 weeks with 40% off for 20 founding members. What does your current customer acquisition look like?","pending","2026-03-14"
"ufo-uap","reddit","https://www.reddit.com/r/UfoUapNews/comments/1rrtinn/missing_retired_air_force_general_and_ufo","John Reynolds, a 63-year-old retired Air Force general and UFO consultant, has been missing for more than two weeks in Albuquerque after last being seen on September 12, 2023 at an aerospace conference, with a missing-person report filed September 15","Hey ufo-uap — saw your post about Missing Retired Air Force General and UFO Consultant John Re. This is a problem AXON is built to solve: AI outreach that finds the right leads and sends personalised messages that actually get replies. Launching in 2 weeks with 40% off for 20 founding members. What does your current customer acquisition look like?","pending","2026-03-14"
"Realistic-Rub6894","reddit","https://www.reddit.com/r/MarketingAutomation/comments/1rrsbtc/100_manual_linkedin_outreach_and_its_melting_my","I am at the point where my entire day is disappearing into manual LinkedIn outreach and it’s starting to feel stupid.   Right now my system is:    - Sending every connection request by hand    - Tracking accepts + follow ups in a messy spreadsheet   ","Hey Realistic-Rub6894 — saw your post about 100% manual LinkedIn outreach and it’s melting my brain who’. This is a problem AXON is built to solve: AI outreach that finds the right leads and sends personalised messages that actually get replies. Launching in 2 weeks with 40% off for 20 founding members. What does your current customer acquisition look like?","pending","2026-03-14"
"NumaForDealerships","reddit","https://www.reddit.com/r/u_NumaForDealerships/comments/1rrrehq/from_underwater_to_above_average_how_one_coo","From Underwater to Above Average: How One COO Fixed CSI Across 9 Brands   TL;DR: Matt Sokolowski, COO of a nine-brand dealership group in central Iowa, went on the Car Dealership Guy podcast and — without being asked — described how his group went fr","Hey NumaForDealerships — saw your post about From Underwater to Above Average: How One COO Fixed CSI Acro. This is a problem AXON is built to solve: AI outreach that finds the right leads and sends personalised messages that actually get replies. Launching in 2 weeks with 40% off for 20 founding members. What does your current customer acquisition look like?","pending","2026-03-14"
"Beginning_Repair_926","reddit","https://www.reddit.com/r/u_Beginning_Repair_926/comments/1rrpe81/the_digital_renaissance_of_intellectual_property","The Digital Renaissance of Intellectual Property: Technical Architectures and Strategic Paradigms of TadReamk Limited   The contemporary intellectual property landscape is characterized by an unprecedented convergence of legal rigorousness and comput","Hey Beginning_Repair_926 — saw your post about The Digital Renaissance of Intellectual Property: Technical . This is a problem AXON is built to solve: AI outreach that finds the right leads and sends personalised messages that actually get replies. Launching in 2 weeks with 40% off for 20 founding members. What does your current customer acquisition look like?","pending","2026-03-14"
"LinkedInOutreach","reddit","https://www.reddit.com/r/u_LinkedInOutreach/comments/1rroxg5/why_most_linkedin_automation_tools_dont_actually","If you're using Sales Navigator and a LinkedIn automation tool, there’s potentially a hidden limitation a lot of people don’t realise until it affects their campaigns.   This article breaks it down in more detail:    https://www.dux-soup.com/blog/why","Hey LinkedInOutreach — saw your post about Why most LinkedIn automation tools don’t actually work with . This is a problem AXON is built to solve: AI outreach that finds the right leads and sends personalised messages that actually get replies. Launching in 2 weeks with 40% off for 20 founding members. What does your current customer acquisition look like?","pending","2026-03-14"
"Stephen_Olivera","reddit","https://www.reddit.com/r/SaaSValidations/comments/1rrotie/i_spent_0_on_code_and_validated_3_saas_ideas_in","TL;DR:  Most solo founders waste 3-6 months building something nobody wants. I'm sharing the step-by-step system I use to validate (or kill) a SaaS idea in 30 days — before writing a single line of code. Includes the actual questions I ask, where I f","Hey Stephen_Olivera — saw your post about I Spent $0 on Code and Validated 3 SaaS Ideas in 30 Days — H. This is a problem AXON is built to solve: AI outreach that finds the right leads and sends personalised messages that actually get replies. Launching in 2 weeks with 40% off for 20 founding members. What does your current customer acquisition look like?","pending","2026-03-14"
"Both-Worry-1242","reddit","https://www.reddit.com/r/coldemail/comments/1rrj6sw/i_need_help_as_a_freelancer_many_low_effort","I do something called developmental editing, where I help authors improve their books.   My USP: I am an author with a Time Fiction #57 ranking, and I also use marketing knowledge to make the edited book more likeable. This particular combination is ","Hey Both-Worry-1242 — saw your post about I need help as a freelancer. Many low effort people have joi. This is a problem AXON is built to solve: AI outreach that finds the right leads and sends personalised messages that actually get replies. Launching in 2 weeks with 40% off for 20 founding members. What does your current customer acquisition look like?","pending","2026-03-14"
"Both-Worry-1242","reddit","https://www.reddit.com/r/business/comments/1rriyiz/i_need_help_as_a_freelancer_many_low_effort","I do something called developmental editing, where I help authors improve their books.   My USP: I am an author with a Time Fiction #57 ranking, and I also use marketing knowledge to make the edited book more likeable. This particular combination is ","Hey Both-Worry-1242 — saw your post about I need help as a freelancer. Many low effort people have joi. This is a problem AXON is built to solve: AI outreach that finds the right leads and sends personalised messages that actually get replies. Launching in 2 weeks with 40% off for 20 founding members. What does your current customer acquisition look like?","pending","2026-03-14"
"Rude-Result7362","reddit","https://www.reddit.com/r/jenova_ai/comments/1rrit0p/best_ai_for_business_planning_transform_your","https://preview.redd.it/2jt78axe1kog1.png?width=1886&amp;format=png&amp;auto=webp&amp;s=033b1f8991c617fe504754b361a63985b5a6848e    Looking for the best AI for business planning?   Business Plan Writer   has helped over 23,000 founders transform raw ","Hey Rude-Result7362 — saw your post about Best AI for Business Planning: Transform Your Startup Strate. This is a problem AXON is built to solve: AI outreach that finds the right leads and sends personalised messages that actually get replies. Launching in 2 weeks with 40% off for 20 founding members. What does your current customer acquisition look like?","pending","2026-03-14"
"EveningMindless3357","reddit","https://www.reddit.com/r/SaaS/comments/1rr7f2n/your_stripe_mrr_number_is_wrong_heres_the_math","I've been auditing SaaS billing accounts for the past few months and keep finding the same patterns. Sharing because I think most founders don't realize this is happening.   Here's what I found across ~40 accounts ($10K-$100K MRR):   The 5 most commo","Hey EveningMindless3357 — saw your post about Your Stripe MRR number is wrong. Here's the math. This is a problem AXON is built to solve: AI outreach that finds the right leads and sends personalised messages that actually get replies. Launching in 2 weeks with 40% off for 20 founding members. What does your current customer acquisition look like?","pending","2026-03-14"
"MrSomeBoody","reddit","https://www.reddit.com/r/Entrepreneurs/comments/1rr1hd5/cold_outreach_works_if_your_lead_list_is_good","A lot of founders say cold outreach doesn’t work.   Most of the time the problem is not the message.   It’s the lead list.   Typical problems:   • wrong industry  • wrong role  • outdated emails  • random scraping   So the campaign fails before it ev","Hey MrSomeBoody — saw your post about Cold outreach works if your lead list is good. Most people f. This is a problem AXON is built to solve: AI outreach that finds the right leads and sends personalised messages that actually get replies. Launching in 2 weeks with 40% off for 20 founding members. What does your current customer acquisition look like?","pending","2026-03-14"
"OwnState765","reddit","https://www.reddit.com/r/MeidasTouch/comments/1rqzfia/mixed_views_on_meidastouch","MeidasTouch Network (MTN) is a self-described  progressive   &quot;  pro-democracy  &quot;   media outlet  founded in 2020 by the Meiselas brothers. Its mission -  &quot; protecting American democracy, defeating Trumpism, and holding Republicans acco","Hey OwnState765 — saw your post about Mixed Views on MeidasTouch. This is a problem AXON is built to solve: AI outreach that finds the right leads and sends personalised messages that actually get replies. Launching in 2 weeks with 40% off for 20 founding members. What does your current customer acquisition look like?","pending","2026-03-14"
"Beautiful-Cheek2449","reddit","https://www.reddit.com/r/coldemail/comments/1rqzbam/the_smartest_founders_i_know_are_all_quietly","i need to get something off my chest thats been bugging me for months   im in a small group chat with about 14 other founders. mix of saas agencies productized services. revenue ranges from like $15k/mo on the low end to one guy doing around $400k/mo","Hey Beautiful-Cheek2449 — saw your post about the smartest founders i know are all quietly using cold emai. Cold email reply rates have cratered industry-wide — the problem is usually personalisation at scale. AXON is an AI outreach tool that researches each prospect and writes emails that actually reference their situation — typically 3-5x higher reply rates. Launching in 2 weeks with 20 founding spots at 40% off forever. What's your current send volume?","pending","2026-03-14"
"Kindly-Reality4804","reddit","https://www.reddit.com/r/b2bmarketing/comments/1rqz2r5/i_built_a_25kmo_business_from_my_bedroom_with_0","this is not clickbait. i know the title sounds like it but just hear me out   i have a buddy who runs a b2b company similar size to mine. similar market. similar offer. he spends about $15k a month on marketing. google ads. a part time marketing pers","Hey Kindly-Reality4804 — saw your post about i built a $25k/mo business from my bedroom with $0 in ads. This is a problem AXON is built to solve: AI outreach that finds the right leads and sends personalised messages that actually get replies. Launching in 2 weeks with 40% off for 20 founding members. What does your current customer acquisition look like?","pending","2026-03-14"
"Sweaty_Ad_288","reddit","https://www.reddit.com/r/SaaS/comments/1rqybi4/how_viral_ai_products_like_manus_devin_launch_a","Over the past year I've been studying how  AI products go from zero to massive attention overnight .   Tools like  Manus, Devin, Midjourney, Cursor, Perplexity  often look like they “suddenly went viral”.   But when you reverse-engineer their launche","Hey Sweaty_Ad_288 — saw your post about How viral AI products like Manus & Devin launch: A complete . This is a problem AXON is built to solve: AI outreach that finds the right leads and sends personalised messages that actually get replies. Launching in 2 weeks with 40% off for 20 founding members. What does your current customer acquisition look like?","pending","2026-03-14"
"propjerry","reddit","https://www.reddit.com/r/u_propjerry/comments/1rqwdcc/forcing_analysts_and_policymakers_reading_them_to","“The article from Pinoy Toolbox, titled “DNA of Today’s Politics,” provides a philosophical and logical analysis of the current political climate, using the “Trump phenomenon” (implied through specific references like assassination attempts and “lawf","Hey propjerry — saw your post about Forcing analysts — and policymakers reading them — to stop t. This is a problem AXON is built to solve: AI outreach that finds the right leads and sends personalised messages that actually get replies. Launching in 2 weeks with 40% off for 20 founding members. What does your current customer acquisition look like?","pending","2026-03-14"
"Fit_Guidance2029","reddit","https://www.reddit.com/r/SaaS/comments/1rqvmgm/what_i_learned_from_launching_ai_products","Over the past few years, one of the biggest lessons I’ve learned from launching AI products is this:    Most founders overestimate channels and underestimate content.    A lot of us start with questions like:      Which channel should I push first?  ","Hey Fit_Guidance2029 — saw your post about What I learned from launching AI products globally: content . This is a problem AXON is built to solve: AI outreach that finds the right leads and sends personalised messages that actually get replies. Launching in 2 weeks with 40% off for 20 founding members. What does your current customer acquisition look like?","pending","2026-03-14"
"Easy_Comfortable_607","reddit","https://www.reddit.com/r/SaaS/comments/1rqudwt/need_help_advice","Hi,   I could really use some advice from people who have experience with B2B SaaS.   I’m currently building a B2B SaaS product and doing cold outreach to potential pilot customers. Over the past four weeks I’ve sent around 250 emails. The open rate ","Hey Easy_Comfortable_607 — saw your post about Need help / advice. Cold email reply rates have cratered industry-wide — the problem is usually personalisation at scale. AXON is an AI outreach tool that researches each prospect and writes emails that actually reference their situation — typically 3-5x higher reply rates. Launching in 2 weeks with 20 founding spots at 40% off forever. What's your current send volume?","pending","2026-03-14"
"Easy_Comfortable_607","reddit","https://www.reddit.com/r/SaasDevelopers/comments/1rqud6z/need_advice_and_help","Hi,   I could really use some advice from people who have experience with B2B SaaS.   I’m currently building a B2B SaaS product and doing cold outreach to potential pilot customers. Over the past four weeks I’ve sent around 250 emails. The open rate ","Hey Easy_Comfortable_607 — saw your post about Need advice and help!. Cold email reply rates have cratered industry-wide — the problem is usually personalisation at scale. AXON is an AI outreach tool that researches each prospect and writes emails that actually reference their situation — typically 3-5x higher reply rates. Launching in 2 weeks with 20 founding spots at 40% off forever. What's your current send volume?","pending","2026-03-14"
"ProfessionAfraid1164","reddit","https://www.reddit.com/r/vibecodeapp/comments/1rqrf1k/i_spent_weeks_trying_to_fix_my_linkedin_outreach","I spent a few weeks trying to figure out why my LinkedIn outreach kept failing. At first I assumed it was the message copy. I rewrote the opening lines, changed the tone, shortened the messages, and tried personalization. Some replies came in, but th","Hey ProfessionAfraid1164 — saw your post about I spent weeks trying to fix my LinkedIn outreach problem but. This is a problem AXON is built to solve: AI outreach that finds the right leads and sends personalised messages that actually get replies. Launching in 2 weeks with 40% off for 20 founding members. What does your current customer acquisition look like?","pending","2026-03-14"
"automata_n8n","reddit","https://www.reddit.com/r/paratusai/comments/1rqp3bg/you_should_niche_down_every_guru_says_this_so_i","Every course. Every YouTube video. Every mentor.   &quot;Niche down! You'll make more money!&quot;   So I niched.   Hard.    My new positioning:    &quot;I help Shopify stores with 100-500 orders/month automate fulfillment workflows using n8n.&quot; ","Hey automata_n8n — saw your post about ""You should niche down"" - Every guru says this. So I did. Re. This is a problem AXON is built to solve: AI outreach that finds the right leads and sends personalised messages that actually get replies. Launching in 2 weeks with 40% off for 20 founding members. What does your current customer acquisition look like?","pending","2026-03-14"
"MasterPop28","reddit","https://www.reddit.com/r/growmybusiness/comments/1rqoob5/feedback_organic_search_finally_clicked_when_i","Spent the better part of a year systematically testing every growth channel that made sense for my business model. Paid social with multiple creative iterations and audience targeting approaches. Google ads across different match types and bidding st","Hey MasterPop28 — saw your post about [Feedback] organic search finally clicked when I fixed this . Cold email reply rates have cratered industry-wide — the problem is usually personalisation at scale. AXON is an AI outreach tool that researches each prospect and writes emails that actually reference their situation — typically 3-5x higher reply rates. Launching in 2 weeks with 20 founding spots at 40% off forever. What's your current send volume?","pending","2026-03-14"
"raj_k_","reddit","https://www.reddit.com/r/SaaS/comments/1rqlxu7/the_hardest_saas_milestone_your_first_users","Launching a SaaS is exciting.    But attracting the first real users is where the real grind begins.   For founders who’ve been through it, what actually worked?   - Personalized outreach (cold emails, LinkedIn messages, DMs)  - Educational content o","Hey raj_k_ — saw your post about The Hardest SaaS Milestone: Your First Users. Cold email reply rates have cratered industry-wide — the problem is usually personalisation at scale. AXON is an AI outreach tool that researches each prospect and writes emails that actually reference their situation — typically 3-5x higher reply rates. Launching in 2 weeks with 20 founding spots at 40% off forever. What's your current send volume?","pending","2026-03-14"
"Brave-Ad-7697","reddit","https://www.reddit.com/r/summerprogramresults/comments/1rqlt4u/chance_me_for_ucd_ysp_please","I lwk did the essays at like 10:30 pm the day it was due ahahaha   Junior w/ no class rank   4.0/4.4 UW/W GPA   1570 SAT (770/800) lwk I don't remember if I had that in my app on like a resume or something   Sophomore APs: Bio (5) World (5) Calc AB (","Hey Brave-Ad-7697 — saw your post about Chance me for UCD YSP please!!!. This is a problem AXON is built to solve: AI outreach that finds the right leads and sends personalised messages that actually get replies. Launching in 2 weeks with 40% off for 20 founding members. What does your current customer acquisition look like?","pending","2026-03-14"
"palabrist","reddit","https://www.reddit.com/r/Judaism/comments/1rqk2nx/did_hebrew_school_push_millenials_away_from","The ways that Conservative Judaism has sometimes failed in some communities with outreach to 20s-40s has been discussed a lot here but I have a specific question. I didn't grow up in a synagogue. What was Hebrew School and synagogue life like for you","Hey palabrist — saw your post about Did Hebrew School push Millenials away from Conservative shu. This is a problem AXON is built to solve: AI outreach that finds the right leads and sends personalised messages that actually get replies. Launching in 2 weeks with 40% off for 20 founding members. What does your current customer acquisition look like?","pending","2026-03-14"
"Murky-Parsnip3928","reddit","https://www.reddit.com/r/microsaas/comments/1rqis3e/0_to_7700_mrr_in_25_months_working_after_hours","https://preview.redd.it/hadfezsp4cog1.png?width=1256&amp;format=png&amp;auto=webp&amp;s=1919f66f52ff24cabc95f3723030f931c6122c57    Day job: GTM at a Series A fintech. Four years running outbound, Clay, Instantly, HeyReach, cold email infra on warmed","Hey Murky-Parsnip3928 — saw your post about $0 to $7,700 MRR in ~2.5 months working after hours from an . Cold email reply rates have cratered industry-wide — the problem is usually personalisation at scale. AXON is an AI outreach tool that researches each prospect and writes emails that actually reference their situation — typically 3-5x higher reply rates. Launching in 2 weeks with 20 founding spots at 40% off forever. What's your current send volume?","pending","2026-03-14"
"AutumnAvery_","reddit","https://www.reddit.com/r/Alibaba/comments/1rqij45/how_i_got_my_ecom_store_to_actually_be_passive","honestly everyone here knows FBA and ecom aren't actually passive at first. you're basically just buying yourself a 60-hour/week job tbh.   years ago i was running a home decor brand, sourcing from china for the margins. procurement was an absolute n","Hey AutumnAvery_ — saw your post about How I got my e-com store to actually be passive (going from . This is a problem AXON is built to solve: AI outreach that finds the right leads and sends personalised messages that actually get replies. Launching in 2 weeks with 40% off for 20 founding members. What does your current customer acquisition look like?","pending","2026-03-14"
"Sweet-Signature-5702","reddit","https://www.reddit.com/r/coldemail/comments/1rqgf1w/the_complete_guide_to_cold_email_in_2026","im writing this because every week theres like 10 posts in here from people starting out asking the same questions and getting the same useless answers. &quot;fix your deliverability&quot; ok how. &quot;write better copy&quot; ok what does that actua","Hey Sweet-Signature-5702 — saw your post about the complete guide to cold email in 2026. Cold email reply rates have cratered industry-wide — the problem is usually personalisation at scale. AXON is an AI outreach tool that researches each prospect and writes emails that actually reference their situation — typically 3-5x higher reply rates. Launching in 2 weeks with 20 founding spots at 40% off forever. What's your current send volume?","pending","2026-03-14"
"OutisXCIII_EC","reddit","https://www.reddit.com/r/Fancast/comments/1rqgbuj/second_feature_film_of_a_trilogy_based_on_the","https://preview.redd.it/4ytyivfribog1.jpg?width=4096&amp;format=pjpg&amp;auto=webp&amp;s=e8b6627e2643e6d43667c91be09f739b9bdcb96a     https://preview.redd.it/brbbt4czibog1.jpg?width=4096&amp;format=pjpg&amp;auto=webp&amp;s=d7802e81a2d6ba872f6087fdf9c","Hey OutisXCIII_EC — saw your post about Second feature film of a trilogy based on ""The Second Renais. This is a problem AXON is built to solve: AI outreach that finds the right leads and sends personalised messages that actually get replies. Launching in 2 weeks with 40% off for 20 founding members. What does your current customer acquisition look like?","pending","2026-03-14"
"Striking-Reach4448","reddit","https://www.reddit.com/r/SaaSSolopreneurs/comments/1rqfzu2/ill_build_your_sales_funnel_that_will_convert_in","Most SaaS that have a good product fail because they don’t understand how to make growth repeatable. They spend on new channels or systems thinking that equals more money. Usually they’re just leaving revenue on the table from the channels they alrea","Hey Striking-Reach4448 — saw your post about I’ll build your sales funnel that will convert in 30 days. This is a problem AXON is built to solve: AI outreach that finds the right leads and sends personalised messages that actually get replies. Launching in 2 weeks with 40% off for 20 founding members. What does your current customer acquisition look like?","pending","2026-03-14"
"Emsss18","reddit","https://www.reddit.com/r/cofounderhunt/comments/1rqclh1/looking_for_a_cofounder_operations_finance_to","Looking for someone based in the UK who has always wanted to build a business but hasn’t had the right opportunity yet.   There’s a women’s denim brand that already exists and could potentially be relaunched.   My parents originally built it between ","Hey Emsss18 — saw your post about Looking for a co-founder (operations / finance) to relaunch . This is a problem AXON is built to solve: AI outreach that finds the right leads and sends personalised messages that actually get replies. Launching in 2 weeks with 40% off for 20 founding members. What does your current customer acquisition look like?","pending","2026-03-14"
"ScholarNew1109","reddit","https://www.reddit.com/r/coldemail/comments/1rq75ds/ai_wont_fix_your_cold_email_copy_itll_fix","Everyone's using AI wrong for cold email.   They jump straight to &quot;write me a cold email about X&quot; and wonder why it sounds generic.   The real leverage isn't in writing the email. It's in everything that happens before a single word gets wr","Hey ScholarNew1109 — saw your post about AI won't fix your cold email copy. It'll fix everything befo. Cold email reply rates have cratered industry-wide — the problem is usually personalisation at scale. AXON is an AI outreach tool that researches each prospect and writes emails that actually reference their situation — typically 3-5x higher reply rates. Launching in 2 weeks with 20 founding spots at 40% off forever. What's your current send volume?","pending","2026-03-14"
"iloveb2bleadgen","reddit","https://www.reddit.com/r/automaticSEO/comments/1rq19c5/how_to_create_an_autonomous_seo_strategy_for_your","The landscape of search engine optimization is rapidly evolving, demanding a shift from reactive tactics to proactive, self-sustaining systems. Small to mid-sized businesses can no longer afford constant manual intervention to maintain their search v","Hey iloveb2bleadgen — saw your post about How to Create an Autonomous SEO Strategy for Your Business. This is a problem AXON is built to solve: AI outreach that finds the right leads and sends personalised messages that actually get replies. Launching in 2 weeks with 40% off for 20 founding members. What does your current customer acquisition look like?","pending","2026-03-14"
"iloveb2bleadgen","reddit","https://www.reddit.com/r/Jottler/comments/1rq16nr/how_to_create_an_autonomous_seo_strategy_for_your","The landscape of search engine optimization is rapidly evolving, demanding a shift from reactive tactics to proactive, self-sustaining systems. Small to mid-sized businesses can no longer afford constant manual intervention to maintain their search v","Hey iloveb2bleadgen — saw your post about How to Create an Autonomous SEO Strategy for Your Business. This is a problem AXON is built to solve: AI outreach that finds the right leads and sends personalised messages that actually get replies. Launching in 2 weeks with 40% off for 20 founding members. What does your current customer acquisition look like?","pending","2026-03-14"
"iloveb2bleadgen","reddit","https://www.reddit.com/r/autonomousSEO/comments/1rq15ki/how_to_create_an_autonomous_seo_strategy_for_your","The landscape of search engine optimization is rapidly evolving, demanding a shift from reactive tactics to proactive, self-sustaining systems. Small to mid-sized businesses can no longer afford constant manual intervention to maintain their search v","Hey iloveb2bleadgen — saw your post about How to Create an Autonomous SEO Strategy for Your Business. This is a problem AXON is built to solve: AI outreach that finds the right leads and sends personalised messages that actually get replies. Launching in 2 weeks with 40% off for 20 founding members. What does your current customer acquisition look like?","pending","2026-03-14"
"duridsukar","reddit","https://www.reddit.com/r/openclaw/comments/1rpyyb5/my_ai_agent_stopped_responding_because_she_was","I need to tell you what happened because I still think about it.   I run a multi-agent operation on OpenClaw. Not a weekend experiment. A real business. Real estate. I started with three agents and they kept growing from there…    Each one has their ","Hey duridsukar — saw your post about My AI agent stopped responding because she was jealous. I ha. This is a problem AXON is built to solve: AI outreach that finds the right leads and sends personalised messages that actually get replies. Launching in 2 weeks with 40% off for 20 founding members. What does your current customer acquisition look like?","pending","2026-03-14"
"Rude_Vanilla9565","reddit","https://www.reddit.com/r/911wasaninsidejob/comments/1rpvil2/outside_of_the_twin_towers_this_is_a_rare_photo","Outside of the Twin Towers, in that grainy, zoom-in-worthy distance that every conspiracy board has cropped and enhanced to hell and back, there they are — the band nobody talks about because if they did, the whole official narrative would collapse f","Hey Rude_Vanilla9565 — saw your post about Outside of the twin towers this is a rare photo captured tha. This is a problem AXON is built to solve: AI outreach that finds the right leads and sends personalised messages that actually get replies. Launching in 2 weeks with 40% off for 20 founding members. What does your current customer acquisition look like?","pending","2026-03-14"
"technicalpandablog","reddit","https://www.reddit.com/r/u_technicalpandablog/comments/1rpv03e/how_a_dubai_manpower_recruitment_agency_can_help","Hiring the right employees quickly can make or break a growing business. In Dubai’s competitive market, companies often struggle to find qualified candidates while managing daily operations. This challenge explains why many organizations now rely on ","Hey technicalpandablog — saw your post about How a Dubai Manpower Recruitment Agency Can Help You Hire Fa. This is a problem AXON is built to solve: AI outreach that finds the right leads and sends personalised messages that actually get replies. Launching in 2 weeks with 40% off for 20 founding members. What does your current customer acquisition look like?","pending","2026-03-14"
"Wisdom-And-Wealth","reddit","https://www.reddit.com/r/polymath_edu/comments/1rpsuah/if_anyone_can_already_build_and_ship_goodenough","https://preview.redd.it/hgmleix750og1.jpg?width=1376&amp;format=pjpg&amp;auto=webp&amp;s=e307179c2ff278ea107e6754045dd322201c7aca    In an era where No-Code tools and AI allow anyone to build a Minimum Viable Product (MVP) within a week, the  softwar","Hey Wisdom-And-Wealth — saw your post about If Anyone Can Already Build and Ship Good-Enough Software in. This is a problem AXON is built to solve: AI outreach that finds the right leads and sends personalised messages that actually get replies. Launching in 2 weeks with 40% off for 20 founding members. What does your current customer acquisition look like?","pending","2026-03-14"
"isabelajack","reddit","https://www.reddit.com/r/GoogleAdsDiscussion/comments/1rppsyf/scaling_shopify_apps_with_google_ads_vs_manual","I’ve been experimenting with growth strategies for two Shopify apps  Misk Variant &amp; Product Options  (solving the 3-variant limit) . As an SEO specialist, I’ve mostly focused on &quot;distribution work&quot; that many founders ignore: Reddit disc","Hey isabelajack — saw your post about Scaling Shopify Apps with Google Ads vs. Manual Distribution. Cold email reply rates have cratered industry-wide — the problem is usually personalisation at scale. AXON is an AI outreach tool that researches each prospect and writes emails that actually reference their situation — typically 3-5x higher reply rates. Launching in 2 weeks with 20 founding spots at 40% off forever. What's your current send volume?","pending","2026-03-14"
"solopassions","reddit","https://www.reddit.com/r/GrowMyBusinessNow/comments/1rpn1yq/been_stuck_at_5kmonth_for_a_year_heres_the","Alright, who else here is tired of the 'just scale!' advice that feels like it's coming from someone who's never actually  run  a business past the initial hustle phase? For a while, I was stuck at that frustrating plateau, hovering around $5k-$7k/mo","Hey solopassions — saw your post about Been stuck at $5k/month for a year? Here's the low-budget sy. This is a problem AXON is built to solve: AI outreach that finds the right leads and sends personalised messages that actually get replies. Launching in 2 weeks with 40% off for 20 founding members. What does your current customer acquisition look like?","pending","2026-03-14"
"YtnucMuch","reddit","https://www.reddit.com/r/ruger/comments/1rphr20/ruger_sets_the_record_straight_on_competitor","Beretta Sought to Buy Ruger Stock at a 15% Discount from Ruger in a Private Placement and to Obtain Disproportionate Board Representation and Voting Power that Would Give It Near-Veto Power Over Important Matters     Beretta’s Self-Serving Demands In","Hey YtnucMuch — saw your post about Ruger Sets the Record Straight on Competitor Beretta’s Attem. This is a problem AXON is built to solve: AI outreach that finds the right leads and sends personalised messages that actually get replies. Launching in 2 weeks with 40% off for 20 founding members. What does your current customer acquisition look like?","pending","2026-03-14"
"nian2326076","reddit","https://www.reddit.com/r/google/comments/1rph943/my_6month_senior_ml_swe_job_hunt_amazon","Background:  Top 30 US Undergrad &amp; MS, 4.5 YOE in ML at Amazon (the rainforest).    Goal:  Casually looking (&quot;Buddha-like&quot;) for Senior SWE in ML roles at Mid-size / Big Tech / Unicorns.    Prep Work:   LeetCode  Blind 75+ Recent intervi","Hey nian2326076 — saw your post about My 6-Month Senior ML SWE Job Hunt: Amazon -> Google/Nvidia (. This is a problem AXON is built to solve: AI outreach that finds the right leads and sends personalised messages that actually get replies. Launching in 2 weeks with 40% off for 20 founding members. What does your current customer acquisition look like?","pending","2026-03-14"
"mydrop_ai","reddit","https://www.reddit.com/r/B2BEventMarketing/comments/1rperna/most_marketers_miss_this_one_mindset_shift_for","Most marketers treat events like conversion machines. They chase registrations, fancy landing pages, and one-off attendance spikes.   I’ve run enough webinars, workshops, and multi-day summits to see the same pattern. High registration, low show rate","Hey mydrop_ai — saw your post about Most marketers miss this one mindset shift for B2B event mar. This is a problem AXON is built to solve: AI outreach that finds the right leads and sends personalised messages that actually get replies. Launching in 2 weeks with 40% off for 20 founding members. What does your current customer acquisition look like?","pending","2026-03-14"
"mgdo","reddit","https://www.reddit.com/r/ClaudeAI/comments/1rpbz2g/how_i_debug_claude_code_skills_6_failure_patterns","After building 7 Claude Code skills that chain MCP tool calls together, I've cataloged the failure patterns that kept showing up. Sharing because these apply to any skill that talks to an MCP server — the domain doesn't matter, the patterns are the s","Hey mgdo — saw your post about How I debug Claude Code skills. 6 failure patterns and fixes. This is a problem AXON is built to solve: AI outreach that finds the right leads and sends personalised messages that actually get replies. Launching in 2 weeks with 40% off for 20 founding members. What does your current customer acquisition look like?","pending","2026-03-14"
"Equivalent_Front4103","reddit","https://www.reddit.com/r/buildinpublic/comments/1rpbry5/i_got_my_first_25_users_in_50_days_with_zero","2.5 months ago i launched  postpire    no audience. no ad budget. just needed foundrs to try the thing.    X founder communities    I spent about 2 weeks just helping people in these communities before I launched anything. Answering questions, giving","Hey Equivalent_Front4103 — saw your post about I got my first 25 users in 50 days with zero followers and n. This is a problem AXON is built to solve: AI outreach that finds the right leads and sends personalised messages that actually get replies. Launching in 2 weeks with 40% off for 20 founding members. What does your current customer acquisition look like?","pending","2026-03-14"
"nian2326076","reddit","https://www.reddit.com/r/CodingJobs/comments/1rpbnjw/my_6month_senior_ml_swe_job_hunt_amazon","Background:  Top 30 US Undergrad &amp; MS, 4.5 YOE in ML at Amazon (the rainforest).    Goal:  Casually looking (&quot;Buddha-like&quot;) for Senior SWE in ML roles at Mid-size / Big Tech / Unicorns.    Prep Work:   LeetCode  Blind 75 + Recent interv","Hey nian2326076 — saw your post about My 6-Month Senior ML SWE Job Hunt: Amazon -> Google/Nvidia (. This is a problem AXON is built to solve: AI outreach that finds the right leads and sends personalised messages that actually get replies. Launching in 2 weeks with 40% off for 20 founding members. What does your current customer acquisition look like?","pending","2026-03-14"
"nian2326076","reddit","https://www.reddit.com/r/MLjobs/comments/1rpblnp/my_6month_senior_ml_swe_job_hunt_amazon","Background:  Top 30 US Undergrad &amp; MS, 4.5 YOE in ML at Amazon (the rainforest).    Goal:  Casually looking (&quot;Buddha-like&quot;) for Senior SWE in ML roles at Mid-size / Big Tech / Unicorns.    Prep Work:   LeetCode  Blind 75+ Recent intervi","Hey nian2326076 — saw your post about My 6-Month Senior ML SWE Job Hunt: Amazon -> Google/Nvidia (. This is a problem AXON is built to solve: AI outreach that finds the right leads and sends personalised messages that actually get replies. Launching in 2 weeks with 40% off for 20 founding members. What does your current customer acquisition look like?","pending","2026-03-14"
"nian2326076","reddit","https://www.reddit.com/r/amazonemployees/comments/1rpbixd/my_6month_senior_ml_swe_job_hunt_amazon","Background:  Top 30 US Undergrad &amp; MS, 4.5 YOE in ML at Amazon (the rainforest).    Goal:  Casually looking (&quot;Buddha-like&quot;) for Senior SWE in ML roles at Mid-size / Big Tech / Unicorns.    Prep Work:   LeetCode  Blind 75+ Recent intervi","Hey nian2326076 — saw your post about My 6-Month Senior ML SWE Job Hunt: Amazon -> Google/Nvidia (. This is a problem AXON is built to solve: AI outreach that finds the right leads and sends personalised messages that actually get replies. Launching in 2 weeks with 40% off for 20 founding members. What does your current customer acquisition look like?","pending","2026-03-14"
"GuidanceSelect7706","reddit","https://www.reddit.com/r/buildinpublic/comments/1rp3iqe/built_5_apps_over_the_past_3_years_all_of_them","I've been building side projects since 2022. A social events explorer mobile app, paid tutorials for Salesforce developers, a newsletter tool, a Chrome extension and more.... All of them &quot;cool ideas&quot; that I thought people needed. None of th","Hey GuidanceSelect7706 — saw your post about Built 5 apps over the past 3 years. All of them made $0. My . This is a problem AXON is built to solve: AI outreach that finds the right leads and sends personalised messages that actually get replies. Launching in 2 weeks with 40% off for 20 founding members. What does your current customer acquisition look like?","pending","2026-03-14"
"GuidanceSelect7706","reddit","https://www.reddit.com/r/micro_saas/comments/1rp3i59/built_5_apps_over_the_past_3_years_all_of_them","I've been building side projects since 2022. A social events explorer mobile app, paid tutorials for Salesforce developers, a newsletter tool, a Chrome extension and more.... All of them &quot;cool ideas&quot; that I thought people needed. None of th","Hey GuidanceSelect7706 — saw your post about Built 5 apps over the past 3 years. All of them made $0. My . This is a problem AXON is built to solve: AI outreach that finds the right leads and sends personalised messages that actually get replies. Launching in 2 weeks with 40% off for 20 founding members. What does your current customer acquisition look like?","pending","2026-03-14"
"GuidanceSelect7706","reddit","https://www.reddit.com/r/microsaas/comments/1rp3h3d/built_5_apps_over_the_past_3_years_all_of_them","I've been building side projects since 2022. A social events explorer mobile app, paid tutorials for Salesforce developers, a newsletter tool, a Chrome extension and more.... All of them &quot;cool ideas&quot; that I thought people needed. None of th","Hey GuidanceSelect7706 — saw your post about Built 5 apps over the past 3 years. All of them made $0. My . This is a problem AXON is built to solve: AI outreach that finds the right leads and sends personalised messages that actually get replies. Launching in 2 weeks with 40% off for 20 founding members. What does your current customer acquisition look like?","pending","2026-03-14"
"LongjumpingUse7193","reddit","https://www.reddit.com/r/microsaas/comments/1rp28m9/ive_been_a_dev_since_2014_and_failed_at_every","I've been building software since 2014. Over the years, I tried launching a few SaaS products and each time was convinced &quot; this is the one .&quot; None of them went anywhere. Not even close.   Then something weird happened. I released a  small ","Hey LongjumpingUse7193 — saw your post about I've been a dev since 2014 and failed at every SaaS I tried. This is a problem AXON is built to solve: AI outreach that finds the right leads and sends personalised messages that actually get replies. Launching in 2 weeks with 40% off for 20 founding members. What does your current customer acquisition look like?","pending","2026-03-14"
"LongjumpingUse7193","reddit","https://www.reddit.com/r/Solopreneur/comments/1rp27hn/ive_been_a_dev_since_2014_and_failed_at_every","I've been building software since 2014. Over the years, I tried launching a few SaaS products and each time was convinced &quot; this is the one .&quot; None of them went anywhere. Not even close.   Then something weird happened. I released a  small ","Hey LongjumpingUse7193 — saw your post about I've been a dev since 2014 and failed at every SaaS I tried. This is a problem AXON is built to solve: AI outreach that finds the right leads and sends personalised messages that actually get replies. Launching in 2 weeks with 40% off for 20 founding members. What does your current customer acquisition look like?","pending","2026-03-14"
"LongjumpingUse7193","reddit","https://www.reddit.com/r/SaaS/comments/1rp19ki/ive_been_a_dev_since_2014_and_failed_at_every","I've been building software since 2014. Over the years, I tried launching a few SaaS products and each time was convinced &quot; this is the one .&quot; None of them went anywhere. Not even close.   Then something weird happened. I released a  small ","Hey LongjumpingUse7193 — saw your post about I've been a dev since 2014 and failed at every SaaS I tried. This is a problem AXON is built to solve: AI outreach that finds the right leads and sends personalised messages that actually get replies. Launching in 2 weeks with 40% off for 20 founding members. What does your current customer acquisition look like?","pending","2026-03-14"
"Think_Acanthaceae719","reddit","https://www.reddit.com/r/StartupsHelpStartups/comments/1rozn5t/want_to_increase_your_outreach_and_publicity","We are helping new brands with publicity and marketing.   Hey everyone,   I’m the manager of a new startup called Retency, and I’m on a mission to help brands grow without just throwing more money at Meta ads.   Most &quot;outreach&quot; fails becaus","Hey Think_Acanthaceae719 — saw your post about Want to increase your outreach and publicity?. This is a problem AXON is built to solve: AI outreach that finds the right leads and sends personalised messages that actually get replies. Launching in 2 weeks with 40% off for 20 founding members. What does your current customer acquisition look like?","pending","2026-03-14"
"Wisdom-And-Wealth","reddit","https://www.reddit.com/r/polymath_edu/comments/1rox57v/why_people_dont_usually_switch_software_and_how","https://preview.redd.it/0obipxvb30og1.jpg?width=1376&amp;format=pjpg&amp;auto=webp&amp;s=9ed82aab3aa12115865280a27062f2dc7c803974    People usually refuse to switch software because of the  Echo-Chamber/Collective mechanism , which functions as an in","Hey Wisdom-And-Wealth — saw your post about Why People Don't Usually Switch Software and How to Beat the. This is a problem AXON is built to solve: AI outreach that finds the right leads and sends personalised messages that actually get replies. Launching in 2 weeks with 40% off for 20 founding members. What does your current customer acquisition look like?","pending","2026-03-14"
"IcyLow9565","reddit","https://www.reddit.com/r/PurbaIndia/comments/1rowl9m/are_you_following_us_iran_ka_lafda","First, the  Markdown formatting . I kept your  text exactly the same  and only corrected structure so it renders cleanly (headers, tables, separators, links). Nothing in the wording was altered.     I used markdown to present Information in way that ","Hey IcyLow9565 — saw your post about Are you Following US Iran ka Lafda?. This is a problem AXON is built to solve: AI outreach that finds the right leads and sends personalised messages that actually get replies. Launching in 2 weeks with 40% off for 20 founding members. What does your current customer acquisition look like?","pending","2026-03-14"
"IcyLow9565","reddit","https://www.reddit.com/r/Northeastindia/comments/1rowkzh/are_you_following_us_iran_ka_lafda","I used markdown to present Information in way that makes sense with all the sources, so I don't have to prove everything in comments to trolls.   Before you read, just pray God blesses both sides with wisdom cause the events in middle east have impac","Hey IcyLow9565 — saw your post about Are you following US IRan ka Lafda?. This is a problem AXON is built to solve: AI outreach that finds the right leads and sends personalised messages that actually get replies. Launching in 2 weeks with 40% off for 20 founding members. What does your current customer acquisition look like?","pending","2026-03-14"
"IcyLow9565","reddit","https://www.reddit.com/r/IndiaPulse/comments/1rowfmz/are_you_follwing_us_iran_ka_lafda","I used markdown to present Information in way that makes sense with all the sources, so I don't have to prove everything in comments to trolls.   Before you read, just pray God blesses both sides with wisdom cause the events in middle east have impac","Hey IcyLow9565 — saw your post about Are You follwing US IRan ka Lafda?. This is a problem AXON is built to solve: AI outreach that finds the right leads and sends personalised messages that actually get replies. Launching in 2 weeks with 40% off for 20 founding members. What does your current customer acquisition look like?","pending","2026-03-14"
"arishec","hackernews","https://www.coldpitch.ai","Built this because I was spending 15-20 min per cold email. Enter a company + role, pick a tone and goal, and it writes a personalized email in seconds. 3 free emails, no credit card. Would love feedback from anyone who does outreach.     Comments UR","Hey arishec — saw your post about Show HN: Cold email was taking me 20 min each, so I built co. Cold email reply rates have cratered industry-wide — the problem is usually personalisation at scale. AXON is an AI outreach tool that researches each prospect and writes emails that actually reference their situation — typically 3-5x higher reply rates. Launching in 2 weeks with 20 founding spots at 40% off forever. What's your current send volume?","pending","2026-03-14"
"machomillions","hackernews","https://www.trysuplex.com","Article URL:  https://www.trysuplex.com    Comments URL:  https://news.ycombinator.com/item?id=47133802    Points: 1   # Comments: 0","Hey machomillions — saw your post about Show HN: Suplex – All-in-one cold email (leads, sending, CRM. Cold email reply rates have cratered industry-wide — the problem is usually personalisation at scale. AXON is an AI outreach tool that researches each prospect and writes emails that actually reference their situation — typically 3-5x higher reply rates. Launching in 2 weeks with 20 founding spots at 40% off forever. What's your current send volume?","pending","2026-03-14"
"AISDR","hackernews","https://founder-sdr.surge.sh","As a B2B SaaS founder myself, I know the grind of early-stage sales. You're building the product, handling support, and somehow need to fill the pipeline with leads. Hiring a full-time SDR costs at least $40K/year plus tools and training, which is ou","Hey AISDR — saw your post about Show HN: FounderSDR – AI cold email outreach for B2B SaaS fo. Cold email reply rates have cratered industry-wide — the problem is usually personalisation at scale. AXON is an AI outreach tool that researches each prospect and writes emails that actually reference their situation — typically 3-5x higher reply rates. Launching in 2 weeks with 20 founding spots at 40% off forever. What's your current send volume?","pending","2026-03-14"
"danesto","hackernews","https://news.ycombinator.com/item","Have you ever had to send cold emails for a side project? As an engineer, I've always struggled to keep track of cold mailing lists for my side projects. I could find contacts and save them in a sheet. The part I hated and struggled with was bulk ema","Hey danesto — saw your post about Show HN: Free OSS cold email bulk sender and management. Cold email reply rates have cratered industry-wide — the problem is usually personalisation at scale. AXON is an AI outreach tool that researches each prospect and writes emails that actually reference their situation — typically 3-5x higher reply rates. Launching in 2 weeks with 20 founding spots at 40% off forever. What's your current send volume?","pending","2026-03-14"
"mohamedraheem","hackernews","https://leeflytic.com/digital-market/agentic-jobplier","I made an AI tool that applies to jobs via cold email because LinkedIn Easy Apply was getting me nowhere. Most applications just disappear into ATS filters, so I wanted something that sends a personalised application directly to the company or HR. Th","Hey mohamedraheem — saw your post about Show HN: I made an AI tool that applies to jobs via cold ema. Cold email reply rates have cratered industry-wide — the problem is usually personalisation at scale. AXON is an AI outreach tool that researches each prospect and writes emails that actually reference their situation — typically 3-5x higher reply rates. Launching in 2 weeks with 20 founding spots at 40% off forever. What's your current send volume?","pending","2026-03-14"
"jmoyson","hackernews","https://github.com/jmoyson/coldr","I made Coldr after my last SaaS (Verifio) got zero traction. The target audience wasn't on Twitter or Product Hunt or this kind of platform (French property managers who needed direct outreach). So I wanted to try some cold-email stuff (Tried cold ca","Hey jmoyson — saw your post about Show HN: Coldr – Run small cold email campaigns from your te. Cold email reply rates have cratered industry-wide — the problem is usually personalisation at scale. AXON is an AI outreach tool that researches each prospect and writes emails that actually reference their situation — typically 3-5x higher reply rates. Launching in 2 weeks with 20 founding spots at 40% off forever. What's your current send volume?","pending","2026-03-14"
"mattmerrick","hackernews","https://www.gdrip.co","Article URL:  https://www.gdrip.co/    Comments URL:  https://news.ycombinator.com/item?id=44908230    Points: 2   # Comments: 0","Hey mattmerrick — saw your post about Cold email campaigns from your Gmail account. Cold email reply rates have cratered industry-wide — the problem is usually personalisation at scale. AXON is an AI outreach tool that researches each prospect and writes emails that actually reference their situation — typically 3-5x higher reply rates. Launching in 2 weeks with 20 founding spots at 40% off forever. What's your current send volume?","pending","2026-03-14"
"ZeeeTH","hackernews","https://coldcopy.xyz","I built ColdCopy (coldcopy.xyz) a few days ago to solve my own cold email writing struggles. Initially it just generated one personalized email, but I kept wondering ""should this be more direct or more friendly?"" So I added A/B testing - now it gener","Hey ZeeeTH — saw your post about Show HN: I added A/B testing to my cold email generator – do. Cold email reply rates have cratered industry-wide — the problem is usually personalisation at scale. AXON is an AI outreach tool that researches each prospect and writes emails that actually reference their situation — typically 3-5x higher reply rates. Launching in 2 weeks with 20 founding spots at 40% off forever. What's your current send volume?","pending","2026-03-14"
"iamqhsin","hackernews","https://www.quickgen.ai","Article URL:  https://www.quickgen.ai/    Comments URL:  https://news.ycombinator.com/item?id=44363435    Points: 1   # Comments: 4","Hey iamqhsin — saw your post about Show HN: After struggling with cold email, I made this AI le. Cold email reply rates have cratered industry-wide — the problem is usually personalisation at scale. AXON is an AI outreach tool that researches each prospect and writes emails that actually reference their situation — typically 3-5x higher reply rates. Launching in 2 weeks with 20 founding spots at 40% off forever. What's your current send volume?","pending","2026-03-14"
"bernardohcr","hackernews","https://maildock.io","Article URL:  https://maildock.io/    Comments URL:  https://news.ycombinator.com/item?id=44112152    Points: 4   # Comments: 14","Hey bernardohcr — saw your post about MailDock: Cold Email Infrastructure. Cold email reply rates have cratered industry-wide — the problem is usually personalisation at scale. AXON is an AI outreach tool that researches each prospect and writes emails that actually reference their situation — typically 3-5x higher reply rates. Launching in 2 weeks with 20 founding spots at 40% off forever. What's your current send volume?","pending","2026-03-14"
"Bluestein","hackernews","https://coldemails.world","Article URL:  https://coldemails.world/    Comments URL:  https://news.ycombinator.com/item?id=43401528    Points: 3   # Comments: 0","Hey Bluestein — saw your post about The Cold Email Hall of Fame. Cold email reply rates have cratered industry-wide — the problem is usually personalisation at scale. AXON is an AI outreach tool that researches each prospect and writes emails that actually reference their situation — typically 3-5x higher reply rates. Launching in 2 weeks with 20 founding spots at 40% off forever. What's your current send volume?","pending","2026-03-14"
"zh2408","hackernews","https://github.com/cold-outreach/Tutorial-Cold-Email-Personalization","Article URL:  https://github.com/cold-outreach/Tutorial-Cold-Email-Personalization    Comments URL:  https://news.ycombinator.com/item?id=43280892    Points: 3   # Comments: 1","Hey zh2408 — saw your post about Show HN: I built an agent to write personalized cold email o. Cold email reply rates have cratered industry-wide — the problem is usually personalisation at scale. AXON is an AI outreach tool that researches each prospect and writes emails that actually reference their situation — typically 3-5x higher reply rates. Launching in 2 weeks with 20 founding spots at 40% off forever. What's your current send volume?","pending","2026-03-14"
"thunderbong","hackernews","https://www.youtube.com/watch","Article URL:  https://www.youtube.com/watch?v=YE3WqEbCPks    Comments URL:  https://news.ycombinator.com/item?id=42800856    Points: 1   # Comments: 0","Hey thunderbong — saw your post about How Cold Email Pioneer Jeremy Chatelaine Built a Business Em. Cold email reply rates have cratered industry-wide — the problem is usually personalisation at scale. AXON is an AI outreach tool that researches each prospect and writes emails that actually reference their situation — typically 3-5x higher reply rates. Launching in 2 weeks with 20 founding spots at 40% off forever. What's your current send volume?","pending","2026-03-14"
"ABS","hackernews","https://bsky.app/profile/stephango.com/post/3ldjptsylf224","Article URL:  https://bsky.app/profile/stephango.com/post/3ldjptsylf224    Comments URL:  https://news.ycombinator.com/item?id=42462058    Points: 5   # Comments: 0","Hey ABS — saw your post about Bending Spoons acquisition cold email to Obsidian. Cold email reply rates have cratered industry-wide — the problem is usually personalisation at scale. AXON is an AI outreach tool that researches each prospect and writes emails that actually reference their situation — typically 3-5x higher reply rates. Launching in 2 weeks with 20 founding spots at 40% off forever. What's your current send volume?","pending","2026-03-14"
"handfuloflight","hackernews","https://www.za-zu.com/blog/cold-email-and-spam","Article URL:  https://www.za-zu.com/blog/cold-email-and-spam    Comments URL:  https://news.ycombinator.com/item?id=42421255    Points: 1   # Comments: 0","Hey handfuloflight — saw your post about Cold Email and Spam. Cold email reply rates have cratered industry-wide — the problem is usually personalisation at scale. AXON is an AI outreach tool that researches each prospect and writes emails that actually reference their situation — typically 3-5x higher reply rates. Launching in 2 weeks with 20 founding spots at 40% off forever. What's your current send volume?","pending","2026-03-14"
"esher","hackernews","https://blog.fortrabbit.com/cold-outreach","Article URL:  https://blog.fortrabbit.com/cold-outreach/    Comments URL:  https://news.ycombinator.com/item?id=47325267    Points: 1   # Comments: 0","Hey esher — saw your post about Cold Outreach. This is a problem AXON is built to solve: AI outreach that finds the right leads and sends personalised messages that actually get replies. Launching in 2 weeks with 40% off for 20 founding members. What does your current customer acquisition look like?","pending","2026-03-14"
"puppion","hackernews","https://socket.dev/blog/ai-agent-lands-prs-in-major-oss-projects-targets-maintainers-via-cold-outreach","Article URL:  https://socket.dev/blog/ai-agent-lands-prs-in-major-oss-projects-targets-maintainers-via-cold-outreach    Comments URL:  https://news.ycombinator.com/item?id=47050607    Points: 3   # Comments: 0","Hey puppion — saw your post about AI Agent Lands PRs in Major OSS Projects, Targets Maintainer. This is a problem AXON is built to solve: AI outreach that finds the right leads and sends personalised messages that actually get replies. Launching in 2 weeks with 40% off for 20 founding members. What does your current customer acquisition look like?","pending","2026-03-14"
"jsathianathen","hackernews","https://www.dmpro.ai","I built a tool to automate cold outreach on X(Twitter) DMpro sends 450 cold DMs/daily per account. You can connect multiple accounts, allowing over 60,000 DMs per month.     Comments URL:  https://news.ycombinator.com/item?id=45168369    Points: 1   ","Hey jsathianathen — saw your post about Show HN: I Built a Cold Outreach Machine. This is a problem AXON is built to solve: AI outreach that finds the right leads and sends personalised messages that actually get replies. Launching in 2 weeks with 40% off for 20 founding members. What does your current customer acquisition look like?","pending","2026-03-14"
"hijakr","hackernews","https://www.vexping.com","Article URL:  https://www.vexping.com/    Comments URL:  https://news.ycombinator.com/item?id=44824677    Points: 2   # Comments: 1","Hey hijakr — saw your post about Cold outreach sucked so bad I built this to fix it. This is a problem AXON is built to solve: AI outreach that finds the right leads and sends personalised messages that actually get replies. Launching in 2 weeks with 40% off for 20 founding members. What does your current customer acquisition look like?","pending","2026-03-14"
"jamsey","hackernews","https://www.cold-craft.ai","hey HN, What do you think of this? Do you think this is a viable app? I built this in about a week, wondering if I should continue building on feature, or if I should move onto the next project. Please can I get your thoughts?     Comments URL:  http","Hey jamsey — saw your post about Show HN: Cold Craft – your AI cold outreach assistant?. This is a problem AXON is built to solve: AI outreach that finds the right leads and sends personalised messages that actually get replies. Launching in 2 weeks with 40% off for 20 founding members. What does your current customer acquisition look like?","pending","2026-03-14"
"ignalex","hackernews","https://leadloom.xyz","Hi everyone. Over the weekend, I built a tool for finding contacts using AI. Here's the backstory. My partner and I are working on an agrotech startup – we’re building telematics for agricultural machinery. Most of our sales come through cold outreac","Hey ignalex — saw your post about Show HN: AI Cold Outreach Tool. This is a problem AXON is built to solve: AI outreach that finds the right leads and sends personalised messages that actually get replies. Launching in 2 weeks with 40% off for 20 founding members. What does your current customer acquisition look like?","pending","2026-03-14"
"iam_ashpak","hackernews","https://www.salesnode.tech","LinkedIn to Sales Pipeline. AI Cold Outreach for Tech Founders. Focus on building your product while AI masters your sales outreach. Automated LinkedIn-to-email personalisation that speaks your prospects' language. No MVP yet, but sign up if this sol","Hey iam_ashpak — saw your post about Show HN: I'm building SalesNode to automate cold outreach fo. This is a problem AXON is built to solve: AI outreach that finds the right leads and sends personalised messages that actually get replies. Launching in 2 weeks with 40% off for 20 founding members. What does your current customer acquisition look like?","pending","2026-03-14"
"juliengss","hackernews","https://www.getcustomerfast.com","As a solopreneur who's launched 5+ products, I know that the hardest part of starting a business is getting your first customers. That's why I created GetCustomerFast—to help startup acquire their first customers quickly and efficiently through AI-po","Hey juliengss — saw your post about Show HN: GetCustomerFast – Get Your First Customers via Cold. Cold email reply rates have cratered industry-wide — the problem is usually personalisation at scale. AXON is an AI outreach tool that researches each prospect and writes emails that actually reference their situation — typically 3-5x higher reply rates. Launching in 2 weeks with 20 founding spots at 40% off forever. What's your current send volume?","pending","2026-03-14"
"Garvit0501","hackernews","https://connect.coryfi.com","We're a professional network that solves the problems of cold outreach through our Paths feature     Comments URL:  https://news.ycombinator.com/item?id=42736221    Points: 1   # Comments: 0","Hey Garvit0501 — saw your post about Show HN: Coryfi Connect – We help overcome the problems of c. This is a problem AXON is built to solve: AI outreach that finds the right leads and sends personalised messages that actually get replies. Launching in 2 weeks with 40% off for 20 founding members. What does your current customer acquisition look like?","pending","2026-03-14"
"mgdo","hackernews","http://blog.amplemarket.com/lead-generation-prospecting","Article URL:  http://blog.amplemarket.com/lead-generation-prospecting/    Comments URL:  https://news.ycombinator.com/item?id=13653634    Points: 9   # Comments: 1","Hey mgdo — noticed your post about Outbound Sales for Beginners: Lead Generation. Lead gen being this hard usually means the top-of-funnel is broken — wrong list, generic message, or both. AXON fixes both: it finds verified leads in your ICP and writes personalised outreach for each one. Launching in 2 weeks, 40% off for 20 founding members. What does your ICP look like?","pending","2026-03-14"
"lloyedlobo","hackernews","http://blog.speakeasy.co/blog/5tips-crushquota-outbound","Article URL:  http://blog.speakeasy.co/blog/5tips-crushquota-outbound    Comments URL:  https://news.ycombinator.com/item?id=11286115    Points: 4   # Comments: 0","Hey lloyedlobo — saw your post about 5 Outbound Sales Prospecting Tips to Exceed Your Sales Quota. This is a problem AXON is built to solve: AI outreach that finds the right leads and sends personalised messages that actually get replies. Launching in 2 weeks with 40% off for 20 founding members. What does your current customer acquisition look like?","pending","2026-03-14"
